id,temperature,created_at,sound,light,dust,fan,motion
"'8644', ","'21.72',"," '2026-05-08  22:00:00',"," '11.95',"," '255',"," '0.0126',"," '0',", '0'
"'8645', ","'21.89',"," '2026-05-08  22:00:15',"," '10.22',"," '255',"," '0.0111',"," '0',", '0'
"'8646', ","'21.81',"," '2026-05-08  22:00:30',"," '9.46', ","'255', ","'0.0132', ","'0', ",'0'
"'8647', ","'21.57',"," '2026-05-08  22:00:45',"," '11.24',"," '255',"," '0.0116',"," '0',", '0'
"'8648', ","'21.82',"," '2026-05-08  22:01:00',"," '6.33', ","'255', ","'0.0094', ","'0', ",'0'
"'8649', ","'21.83',"," '2026-05-08  22:01:15',"," '12.97',"," '255',"," '0.0346',"," '0',", '0'
"'8650', ","'21.78',"," '2026-05-08  22:01:30',"," '5.75', ","'255', ","'0.0084', ","'0', ",'0'
"'8651', ","'21.53',"," '2026-05-08  22:01:45',"," '5.36', ","'255', ","'0.0321', ","'0', ",'0'
"'8652', ","'21.79',"," '2026-05-08  22:02:00',"," '5.59', ","'255', ","'0.0287', ","'0', ",'0'
"'8653', ","'21.58',"," '2026-05-08  22:02:15',"," '4.5', '","255', '","0.0301', '","0', '",0'
"'8654', ","'21.89',"," '2026-05-08  22:02:30',"," '7.63', ","'255', ","'0.0093', ","'0', ",'0'
"'8655', ","'21.72',"," '2026-05-08  22:02:45',"," '9.58', ","'255', ","'0.0182', ","'0', ",'0'
"'8656', ","'21.6', ","'2026-05-08  22:03:00', ","'6.34', '","255', '","0.0174', '","0', '",0'
"'8657', ","'21.75',"," '2026-05-08  22:03:15',"," '5.72', ","'255', ","'0.0167', ","'0', ",'0'
"'8658', ","'21.84',"," '2026-05-08  22:03:30',"," '4.21', ","'255', ","'0.0122', ","'0', ",'0'
"'8659', ","'21.37',"," '2026-05-08  22:03:45',"," '4.33', ","'255', ","'0.0212', ","'0', ",'0'
"'8660', ","'21.62',"," '2026-05-08  22:04:00',"," '4.42', ","'255', ","'0.0151', ","'0', ",'0'
"'8661', ","'21.83',"," '2026-05-08  22:04:15',"," '8.5', '","255', '","0.0241', '","0', '",0'
"'8662', ","'21.87',"," '2026-05-08  22:04:30',"," '10.59',"," '255',"," '0.0099',"," '0',", '0'
"'8663', ","'21.44',"," '2026-05-08  22:04:45',"," '4.72', ","'255', ","'0.0153', ","'0', ",'0'
"'8664', ","'21.39',"," '2026-05-08  22:05:00',"," '5.61', ","'255', ","'0.0172', ","'0', ",'0'
"'8665', ","'21.8', ","'2026-05-08  22:05:15', ","'9.1', '2","55', '0",".0184', '0","', '0",'
"'8666', ","'21.33',"," '2026-05-08  22:05:30',"," '12.03',"," '255',"," '0.0164',"," '0',", '0'
"'8667', ","'21.4', ","'2026-05-08  22:05:45', ","'6.59', '","255', '","0.0164', '","0', '",0'
"'8668', ","'21.37',"," '2026-05-08  22:06:00',"," '4.8', '","255', '","0.023', '0","', '0",'
"'8669', ","'21.62',"," '2026-05-08  22:06:15',"," '6.68', ","'255', ","'0.0086', ","'0', ",'0'
"'8670', ","'21.63',"," '2026-05-08  22:06:30',"," '7', '25","5', '0.","0132', '0'",", '0'",
"'8671', ","'21.29',"," '2026-05-08  22:06:45',"," '10.14',"," '255',"," '0.0194',"," '0',", '0'
"'8672', ","'21.58',"," '2026-05-08  22:07:00',"," '7.06', ","'255', ","'0.0319', ","'0', ",'0'
"'8673', ","'21.35',"," '2026-05-08  22:07:15',"," '8.23', ","'255', ","'0.012', '","0', '",0'
"'8674', ","'21.85',"," '2026-05-08  22:07:30',"," '4.1', '","255', '","0.0169', '","0', '",0'
"'8675', ","'21.36',"," '2026-05-08  22:07:45',"," '3.99', ","'255', ","'0.0279', ","'0', ",'0'
"'8676', ","'21.54',"," '2026-05-08  22:08:00',"," '4.96', ","'255', ","'0.0272', ","'0', ",'0'
"'8677', ","'21.46',"," '2026-05-08  22:08:15',"," '5.44', ","'255', ","'0.0133', ","'0', ",'0'
"'8678', ","'21.35',"," '2026-05-08  22:08:30',"," '5.85', ","'255', ","'0.0196', ","'0', ",'0'
"'8679', ","'21.84',"," '2026-05-08  22:08:45',"," '6.67', ","'255', ","'0.0083', ","'0', ",'0'
"'8680', ","'21.49',"," '2026-05-08  22:09:00',"," '3.91', ","'255', ","'0.0103', ","'0', ",'0'
"'8681', ","'21.57',"," '2026-05-08  22:09:15',"," '4.73', ","'255', ","'0.0248', ","'0', ",'0'
"'8682', ","'21.3', ","'2026-05-08  22:09:30', ","'11.43', ","'255', ","'0.0094', ","'0', ",'0'
"'8683', ","'21.44',"," '2026-05-08  22:09:45',"," '10.42',"," '255',"," '0.013', ","'0', ",'0'
"'8684', ","'21.59',"," '2026-05-08  22:10:00',"," '7.56', ","'255', ","'0.013', '","0', '",0'
"'8685', ","'21.69',"," '2026-05-08  22:10:15',"," '7.37', ","'255', ","'0.0099', ","'0', ",'0'
"'8686', ","'21.76',"," '2026-05-08  22:10:30',"," '8.95', ","'255', ","'0.0162', ","'0', ",'0'
"'8687', ","'21.23',"," '2026-05-08  22:10:45',"," '6.2', '","255', '","0.0178', '","0', '",0'
"'8688', ","'21.71',"," '2026-05-08  22:11:00',"," '9.61', ","'255', ","'0.0262', ","'0', ",'0'
"'8689', ","'21.49',"," '2026-05-08  22:11:15',"," '4.71', ","'255', ","'0.0216', ","'0', ",'0'
"'8690', ","'21.75',"," '2026-05-08  22:11:30',"," '5.92', ","'255', ","'0.0167', ","'0', ",'0'
"'8691', ","'21.69',"," '2026-05-08  22:11:45',"," '5.55', ","'255', ","'0.0169', ","'0', ",'0'
"'8692', ","'21.55',"," '2026-05-08  22:12:00',"," '3.8', '","255', '","0.0158', '","0', '",0'
"'8693', ","'21.57',"," '2026-05-08  22:12:15',"," '4.88', ","'255', ","'0.021', '","0', '",0'
"'8694', ","'21.56',"," '2026-05-08  22:12:30',"," '6.22', ","'255', ","'0.0294', ","'0', ",'0'
"'8695', ","'21.17',"," '2026-05-08  22:12:45',"," '9.9', '","255', '","0.0163', '","0', '",0'
"'8696', ","'21.51',"," '2026-05-08  22:13:00',", '115.99',", '255'",", '0.0277'",", '0'",", '0'"
"'8697', ","'21.42',"," '2026-05-08  22:13:15',"," '10.83',"," '255',"," '0.0227',"," '0',", '0'
"'8698', ","'21.54',"," '2026-05-08  22:13:30',"," '12.57',"," '255',"," '0.0198',"," '0',", '0'
"'8699', ","'21.71',"," '2026-05-08  22:13:45',"," '10.58',"," '255',"," '0.0184',"," '0',", '0'
"'8700', ","'21.23',"," '2026-05-08  22:14:00',"," '6.08', ","'255', ","'0.0289', ","'0', ",'0'
"'8701', ","'21.62',"," '2026-05-08  22:14:15',"," '8.55', ","'255', ","'0.015', '","0', '",0'
"'8702', ","'21.23',"," '2026-05-08  22:14:30',"," '11.89',"," '255',"," '0.0305',"," '0',", '0'
"'8703', ","'21.36',"," '2026-05-08  22:14:45',"," '12.54',"," '255',"," '0.0347',"," '0',", '0'
"'8704', ","'21.16',"," '2026-05-08  22:15:00',"," '7.44', ","'255', ","'0.0098', ","'0', ",'0'
"'8705', ","'21.37',"," '2026-05-08  22:15:15',"," '10.63',"," '255',"," '0.0106',"," '0',", '0'
"'8706', ","'21.18',"," '2026-05-08  22:15:30',"," '13.18',"," '255',"," '0.0176',"," '0',", '0'
"'8707', ","'21.37',"," '2026-05-08  22:15:45',"," '13.33',"," '255',"," '0.0287',"," '0',", '0'
"'8708', ","'21.21',"," '2026-05-08  22:16:00',"," '3.79', ","'255', ","'0.0178', ","'0', ",'0'
"'8709', ","'21.21',"," '2026-05-08  22:16:15',"," '9.19', ","'255', ","'0.0131', ","'0', ",'0'
"'8710', ","'21.11',"," '2026-05-08  22:16:30',"," '4.13', ","'255', ","'0.0309', ","'0', ",'0'
"'8711', ","'21.65',"," '2026-05-08  22:16:45',"," '10.83',"," '255',"," '0.0322',"," '0',", '0'
"'8712', ","'21.31',"," '2026-05-08  22:17:00',"," '10.87',"," '255',"," '0.0106',"," '0',", '0'
"'8713', ","'21.12',"," '2026-05-08  22:17:15',"," '6.61', ","'255', ","'0.012', '","0', '",0'
"'8714', ","'21.39',"," '2026-05-08  22:17:30',"," '12.53',"," '255',"," '0.0229',"," '0',", '0'
"'8715', ","'21.12',"," '2026-05-08  22:17:45',"," '9.13', ","'255', ","'0.0211', ","'0', ",'0'
"'8716', ","'21.34',"," '2026-05-08  22:18:00',"," '4.42', ","'255', ","'0.0147', ","'0', ",'0'
"'8717', ","'21.35',"," '2026-05-08  22:18:15',"," '11.97',"," '255',"," '0.0253',"," '0',", '0'
"'8718', ","'21.48',"," '2026-05-08  22:18:30',"," '7.98', ","'255', ","'0.0168', ","'0', ",'0'
"'8719', ","'21.51',"," '2026-05-08  22:18:45',"," '10.68',"," '255',"," '0.0204',"," '0',", '0'
"'8720', ","'21.6', ","'2026-05-08  22:19:00', ","'7.12', '","255', '","0.0188', '","0', '",0'
"'8721', ","'21.15',"," '2026-05-08  22:19:15',"," '9.91', ","'255', ","'0.0144', ","'0', ",'0'
"'8722', ","'21.32',"," '2026-05-08  22:19:30',"," '5.37', ","'255', ","'0.0153', ","'0', ",'0'
"'8723', ","'21.19',"," '2026-05-08  22:19:45',"," '4.73', ","'255', ","'0.0306', ","'0', ",'0'
"'8724', ","'21.32',"," '2026-05-08  22:20:00',"," '12.91',"," '255',"," '0.0345',"," '0',", '0'
"'8725', ","'21.46',"," '2026-05-08  22:20:15',"," '12.53',"," '255',"," '0.0286',"," '0',", '0'
"'8726', ","'21.32',"," '2026-05-08  22:20:30',"," '7.68', ","'255', ","'0.0313', ","'0', ",'0'
"'8727', ","'21.03',"," '2026-05-08  22:20:45',"," '13.18',"," '255',"," '0.0201',"," '0',", '0'
"'8728', ","'21.39',"," '2026-05-08  22:21:00',"," '4.53', ","'255', ","'0.0229', ","'0', ",'0'
"'8729', ","'21.44',"," '2026-05-08  22:21:15',"," '9.89', ","'255', ","'0.026', '","0', '",0'
"'8730', ","'21.29',"," '2026-05-08  22:21:30',"," '9.86', ","'255', ","'0.0336', ","'0', ",'0'
"'8731', ","'21.39',"," '2026-05-08  22:21:45',"," '10.59',"," '255',"," '0.0273',"," '0',", '0'
"'8732', ","'21.43',"," '2026-05-08  22:22:00',"," '12.21',"," '255',"," '0.0204',"," '0',", '0'
"'8733', ","'21.49',"," '2026-05-08  22:22:15',"," '11.84',"," '255',"," '0.0259',"," '0',", '0'
"'8734', ","'21.5', ","'2026-05-08  22:22:30', ","'12.18', ","'255', ","'0.0269', ","'0', ",'0'
"'8735', ","'21.29',"," '2026-05-08  22:22:45',"," '12.01',"," '255',"," '0.0173',"," '0',", '0'
"'8736', ","'21.12',"," '2026-05-08  22:23:00',"," '6.11', ","'255', ","'0.022', '","0', '",1'
"'8737', ","'21.18',"," '2026-05-08  22:23:15',"," '6.96', ","'255', ","'0.0161', ","'0', ",'0'
"'8738', ","'21.32',"," '2026-05-08  22:23:30',"," '11.47',"," '255',"," '0.0313',"," '0',", '1'
"'8739', ","'21.16',"," '2026-05-08  22:23:45',"," '11.09',"," '255',"," '0.0312',"," '0',", '0'
"'8740', ","'21.15',"," '2026-05-08  22:24:00',"," '5.05', ","'255', ","'0.0186', ","'0', ",'0'
"'8741', ","'21.36',"," '2026-05-08  22:24:15',"," '3.94', ","'255', ","'0.0181', ","'0', ",'0'
"'8742', ","'21', '2","026-05-08 22 :24:30', '6",".51', '25","5', '0.","0283', '0'",", '0'",
"'8743', ","'21.42',"," '2026-05-08  22:24:45',"," '13.09',"," '255',"," '0.0338',"," '0',", '0'
"'8744', ","'21.48',"," '2026-05-08  22:25:00',"," '6.03', ","'255', ","'0.0314', ","'0', ",'0'
"'8745', ","'21.5', ","'2026-05-08  22:25:15', ","'132.07',"," '255',"," '0.0189',"," '0',", '0'
"'8746', ","'21.42',"," '2026-05-08  22:25:30',"," '12.35',"," '255',"," '0.0349',"," '0',", '0'
"'8747', ","'21.12',"," '2026-05-08  22:25:45',"," '6.02', ","'255', ","'0.0295', ","'0', ",'0'
"'8748', ","'21.44',"," '2026-05-08  22:26:00',"," '12.95',"," '255',"," '0.0234',"," '0',", '0'
"'8749', ","'20.97',"," '2026-05-08  22:26:15',"," '6.24', ","'255', ","'0.0105', ","'0', ",'0'
"'8750', ","'20.99',"," '2026-05-08  22:26:30',"," '10.23',"," '255',"," '0.0104',"," '0',", '0'
"'8751', ","'21.11',"," '2026-05-08  22:26:45',"," '5.97', ","'255', ","'0.029', '","0', '",0'
"'8752', ","'21.34',"," '2026-05-08  22:27:00',"," '9.29', ","'255', ","'0.0292', ","'0', ",'0'
"'8753', ","'21.23',"," '2026-05-08  22:27:15',"," '7.51', ","'255', ","'0.0298', ","'0', ",'0'
"'8754', ","'21.1', ","'2026-05-08  22:27:30', ","'12.04', ","'255', ","'0.0141', ","'0', ",'0'
"'8755', ","'21.09',"," '2026-05-08  22:27:45',"," '11.96',"," '255',"," '0.0085',"," '0',", '0'
"'8756', ","'20.95',"," '2026-05-08  22:28:00',"," '6.06', ","'255', ","'0.0278', ","'0', ",'0'
"'8757', ","'21.45',"," '2026-05-08  22:28:15',"," '5.45', ","'255', ","'0.0126', ","'0', ",'0'
"'8758', ","'21.2', ","'2026-05-08  22:28:30', ","'10.01', ","'255', ","'0.029', '","0', '",0'
"'8759', ","'20.94',"," '2026-05-08  22:28:45',"," '7.39', ","'255', ","'0.0088', ","'0', ",'0'
"'8760', ","'21.4', ","'2026-05-08  22:29:00', ","'10.96', ","'255', ","'0.0205', ","'0', ",'0'
"'8761', ","'21.35',"," '2026-05-08  22:29:15',"," '6.15', ","'255', ","'0.0315', ","'0', ",'0'
"'8762', ","'20.91',"," '2026-05-08  22:29:30',"," '10.96',"," '255',"," '0.0171',"," '0',", '0'
"'8763', ","'20.92',"," '2026-05-08  22:29:45',"," '10.84',"," '255',"," '0.0101',"," '0',", '0'
"'8764', ","'21.07',"," '2026-05-08  22:30:00',"," '3.75', ","'255', ","'0.0334', ","'0', ",'0'
"'8765', ","'21.27',"," '2026-05-08  22:30:15',"," '11.09',"," '255',"," '0.0147',"," '0',", '0'
"'8766', ","'20.86',"," '2026-05-08  22:30:30',"," '11.63',"," '255',"," '0.0295',"," '0',", '0'
"'8767', ","'20.86',"," '2026-05-08  22:30:45',"," '4.72', ","'255', ","'0.0209', ","'0', ",'0'
"'8768', ","'21.24',"," '2026-05-08  22:31:00',"," '9.36', ","'255', ","'0.0105', ","'0', ",'0'
"'8769', ","'20.92',"," '2026-05-08  22:31:15',"," '10.63',"," '255',"," '0.0349',"," '0',", '0'
"'8770', ","'21.1', ","'2026-05-08  22:31:30', ","'5.93', '","255', '","0.025', '0","', '0",'
"'8771', ","'21.15',"," '2026-05-08  22:31:45',"," '10.32',"," '255',"," '0.0164',"," '0',", '0'
"'8772', ","'21.26',"," '2026-05-08  22:32:00',"," '11.67',"," '255',"," '0.032', ","'0', ",'0'
"'8773', ","'21.16',"," '2026-05-08  22:32:15',"," '8.21', ","'255', ","'0.0151', ","'0', ",'0'
"'8774', ","'21.34',"," '2026-05-08  22:32:30',"," '7.85', ","'255', ","'0.0194', ","'0', ",'0'
"'8775', ","'20.85',"," '2026-05-08  22:32:45',"," '9.13', ","'255', ","'0.0166', ","'0', ",'0'
"'8776', ","'21.37',"," '2026-05-08  22:33:00',"," '11.23',"," '255',"," '0.0266',"," '0',", '0'
"'8777', ","'21.33',"," '2026-05-08  22:33:15',"," '3.23', ","'255', ","'0.0198', ","'0', ",'0'
"'8778', ","'21.25',"," '2026-05-08  22:33:30',"," '8.98', ","'255', ","'0.01', '0","', '0",'
"'8779', ","'20.9', ","'2026-05-08  22:33:45', ","'3.91', '","255', '","0.0202', '","0', '",0'
"'8780', ","'20.78',"," '2026-05-08  22:34:00',"," '11.33',"," '255',"," '0.0341',"," '0',", '0'
"'8781', ","'21.08',"," '2026-05-08  22:34:15',"," '10.83',"," '255',"," '0.0159',"," '0',", '0'
"'8782', ","'21.03',"," '2026-05-08  22:34:30',"," '6.52', ","'255', ","'0.0094', ","'0', ",'0'
"'8783', ","'21.08',"," '2026-05-08  22:34:45',"," '10.75',"," '255',"," '0.0085',"," '0',", '0'
"'8784', ","'20.85',"," '2026-05-08  22:35:00',"," '5.34', ","'255', ","'0.0324', ","'0', ",'0'
"'8785', ","'21.32',"," '2026-05-08  22:35:15',"," '7.63', ","'255', ","'0.0149', ","'0', ",'0'
"'8786', ","'21.1', ","'2026-05-08  22:35:30', ","'8.87', '","255', '","0.0139', '","0', '",0'
"'8787', ","'21.04',"," '2026-05-08  22:35:45',"," '5.49', ","'255', ","'0.024', '","0', '",0'
"'8788', ","'20.9', ","'2026-05-08  22:36:00', ","'9.37', '","255', '","0.0347', '","0', '",0'
"'8789', ","'21.27',"," '2026-05-08  22:36:15',"," '5.73', ","'255', ","'0.0283', ","'0', ",'0'
"'8790', ","'21.22',"," '2026-05-08  22:36:30',"," '7.33', ","'255', ","'0.0094', ","'0', ",'0'
"'8791', ","'20.78',"," '2026-05-08  22:36:45',"," '3.65', ","'255', ","'0.0261', ","'0', ",'0'
"'8792', ","'20.87',"," '2026-05-08  22:37:00',"," '3.14', ","'255', ","'0.0246', ","'0', ",'0'
"'8793', ","'20.77',"," '2026-05-08  22:37:15',"," '7.68', ","'255', ","'0.0155', ","'0', ",'0'
"'8794', ","'21.3', ","'2026-05-08  22:37:30', ","'3.93', '","255', '","0.0117', '","0', '",0'
"'8795', ","'20.87',"," '2026-05-08  22:37:45',"," '6.85', ","'255', ","'0.0091', ","'0', ",'0'
"'8796', ","'20.87',"," '2026-05-08  22:38:00',"," '8.12', ","'255', ","'0.0231', ","'0', ",'0'
"'8797', ","'20.81',"," '2026-05-08  22:38:15',"," '6.11', ","'255', ","'0.0168', ","'0', ",'0'
"'8798', ","'20.94',"," '2026-05-08  22:38:30',"," '8.96', ","'255', ","'0.0242', ","'0', ",'0'
"'8799', ","'20.92',"," '2026-05-08  22:38:45',"," '8.98', ","'255', ","'0.0111', ","'0', ",'1'
"'8800', ","'20.91',"," '2026-05-08  22:39:00',"," '7.67', ","'255', ","'0.0268', ","'0', ",'0'
"'8801', ","'21.21',"," '2026-05-08  22:39:15',"," '3.1', '","255', '","0.0268', '","0', '",0'
"'8802', ","'20.81',"," '2026-05-08  22:39:30',"," '5.36', ","'255', ","'0.025', '","0', '",0'
"'8803', ","'20.94',"," '2026-05-08  22:39:45',"," '8.04', ","'255', ","'0.0336', ","'0', ",'0'
"'8804', ","'21.24',"," '2026-05-08  22:40:00',"," '12.62',"," '255',"," '0.0195',"," '0',", '0'
"'8805', ","'20.84',"," '2026-05-08  22:40:15',"," '7.61', ","'255', ","'0.0184', ","'0', ",'0'
"'8806', ","'20.98',"," '2026-05-08  22:40:30',"," '3.07', ","'255', ","'0.0341', ","'0', ",'0'
"'8807', ","'21.1', ","'2026-05-08  22:40:45', ","'8.07', '","255', '","0.0186', '","0', '",0'
"'8808', ","'21.16',"," '2026-05-08  22:41:00',"," '98.99',"," '255',"," '0.0251',"," '0',", '0'
"'8809', ","'20.67',"," '2026-05-08  22:41:15',"," '5.48', ","'255', ","'0.0334', ","'0', ",'0'
"'8810', ","'20.77',"," '2026-05-08  22:41:30',"," '3.23', ","'255', ","'0.0316', ","'0', ",'0'
"'8811', ","'21.05',"," '2026-05-08  22:41:45',"," '7.41', ","'255', ","'0.0087', ","'0', ",'0'
"'8812', ","'20.79',"," '2026-05-08  22:42:00',"," '10.96',"," '255',"," '0.0279',"," '0',", '0'
"'8813', ","'20.64',"," '2026-05-08  22:42:15',"," '7.52', ","'255', ","'0.0134', ","'0', ",'0'
"'8814', ","'21.16',"," '2026-05-08  22:42:30',"," '10.57',"," '255',"," '0.0154',"," '0',", '0'
"'8815', ","'21.03',"," '2026-05-08  22:42:45',"," '3.52', ","'255', ","'0.0262', ","'0', ",'0'
"'8816', ","'21', '2","026-05-08 22 :43:00', '1","1.41', '2","55', '0",".0101', '0","', '0",'
"'8817', ","'20.97',"," '2026-05-08  22:43:15',"," '3.23', ","'255', ","'0.0235', ","'0', ",'0'
"'8818', ","'20.9', ","'2026-05-08  22:43:30', ","'10.91', ","'255', ","'0.0332', ","'0', ",'0'
"'8819', ","'20.87',"," '2026-05-08  22:43:45',"," '6.92', ","'255', ","'0.0173', ","'0', ",'0'
"'8820', ","'20.64',"," '2026-05-08  22:44:00',"," '6.01', ","'255', ","'0.0085', ","'0', ",'0'
"'8821', ","'20.68',"," '2026-05-08  22:44:15',"," '10.61',"," '255',"," '0.0223',"," '0',", '0'
"'8822', ","'21.11',"," '2026-05-08  22:44:30',"," '9.56', ","'255', ","'0.0334', ","'0', ",'0'
"'8823', ","'20.86',"," '2026-05-08  22:44:45',"," '11.25',"," '255',"," '0.0102',"," '0',", '0'
"'8824', ","'21.1', ","'2026-05-08  22:45:00', ","'9.38', '","255', '","0.0147', '","0', '",0'
"'8825', ","'20.72',"," '2026-05-08  22:45:15',"," '11.41',"," '255',"," '0.0178',"," '0',", '0'
"'8826', ","'20.62',"," '2026-05-08  22:45:30',"," '10.4', ","'255', ","'0.0342', ","'0', ",'0'
"'8827', ","'20.91',"," '2026-05-08  22:45:45',"," '11.86',"," '255',"," '0.0224',"," '0',", '0'
"'8828', ","'20.77',"," '2026-05-08  22:46:00',"," '9.21', ","'255', ","'0.0216', ","'0', ",'0'
"'8829', ","'20.69',"," '2026-05-08  22:46:15',"," '12.5', ","'255', ","'0.011', '","0', '",0'
"'8830', ","'21.08',"," '2026-05-08  22:46:30',"," '3.84', ","'255', ","'0.0176', ","'0', ",'0'
"'8831', ","'20.74',"," '2026-05-08  22:46:45',"," '5.95', ","'255', ","'0.0293', ","'0', ",'0'
"'8832', ","'20.99',"," '2026-05-08  22:47:00',"," '7.32', ","'255', ","'0.0268', ","'0', ",'0'
"'8833', ","'20.67',"," '2026-05-08  22:47:15',"," '8.89', ","'255', ","'0.0337', ","'0', ",'0'
"'8834', ","'20.74',"," '2026-05-08  22:47:30',"," '3.79', ","'255', ","'0.0123', ","'0', ",'0'
"'8835', ","'20.57',"," '2026-05-08  22:47:45',", '137.16',", '255'",", '0.0211'",", '0'",", '0'"
"'8836', ","'21.08',"," '2026-05-08  22:48:00',"," '8.34', ","'255', ","'0.034', '","0', '",0'
"'8837', ","'20.78',"," '2026-05-08  22:48:15',"," '3.64', ","'255', ","'0.0318', ","'0', ",'0'
"'8838', ","'20.83',"," '2026-05-08  22:48:30',"," '8.89', ","'255', ","'0.0289', ","'0', ",'0'
"'8839', ","'20.66',"," '2026-05-08  22:48:45',"," '7.07', ","'255', ","'0.0177', ","'0', ",'1'
"'8840', ","'20.93',"," '2026-05-08  22:49:00',"," '9.79', ","'255', ","'0.0328', ","'0', ",'0'
"'8841', ","'20.72',"," '2026-05-08  22:49:15',", '105.87',", '255'",", '0.0224'",", '0'",", '0'"
"'8842', ","'20.94',"," '2026-05-08  22:49:30',"," '5.98', ","'255', ","'0.0269', ","'0', ",'1'
"'8843', ","'20.49',"," '2026-05-08  22:49:45',"," '3.1', '","255', '","0.0191', '","0', '",0'
"'8844', ","'21.06',"," '2026-05-08  22:50:00',"," '6.58', ","'255', ","'0.0162', ","'0', ",'0'
"'8845', ","'20.59',"," '2026-05-08  22:50:15',"," '2.82', ","'255', ","'0.0303', ","'0', ",'0'
"'8846', ","'20.51',"," '2026-05-08  22:50:30',"," '4.54', ","'255', ","'0.033', '","0', '",0'
"'8847', ","'20.95',"," '2026-05-08  22:50:45',"," '4.34', ","'255', ","'0.0173', ","'0', ",'0'
"'8848', ","'20.88',"," '2026-05-08  22:51:00',"," '4.27', ","'255', ","'0.03', '0","', '0",'
"'8849', ","'20.95',"," '2026-05-08  22:51:15',"," '5.68', ","'255', ","'0.0252', ","'0', ",'0'
"'8850', ","'20.8', ","'2026-05-08  22:51:30', ","'11.99', ","'255', ","'0.0136', ","'0', ",'0'
"'8851', ","'20.73',"," '2026-05-08  22:51:45',"," '3.12', ","'255', ","'0.0321', ","'0', ",'0'
"'8852', ","'20.71',"," '2026-05-08  22:52:00',"," '5.19', ","'255', ","'0.0149', ","'0', ",'0'
"'8853', ","'21.02',"," '2026-05-08  22:52:15',"," '9.67', ","'255', ","'0.0184', ","'0', ",'0'
"'8854', ","'20.7', ","'2026-05-08  22:52:30', ","'10.93', ","'255', ","'0.0174', ","'0', ",'0'
"'8855', ","'20.53',"," '2026-05-08  22:52:45',"," '9.49', ","'255', ","'0.0151', ","'0', ",'0'
"'8856', ","'20.47',"," '2026-05-08  22:53:00',"," '7.73', ","'255', ","'0.0184', ","'0', ",'0'
"'8857', ","'20.63',"," '2026-05-08  22:53:15',"," '8.18', ","'255', ","'0.0198', ","'0', ",'0'
"'8858', ","'20.46',"," '2026-05-08  22:53:30',"," '9.69', ","'255', ","'0.0189', ","'0', ",'0'
"'8859', ","'20.49',"," '2026-05-08  22:53:45',"," '5.46', ","'255', ","'0.0346', ","'0', ",'0'
"'8860', ","'20.83',"," '2026-05-08  22:54:00',"," '10.16',"," '255',"," '0.0269',"," '0',", '0'
"'8861', ","'20.9', ","'2026-05-08  22:54:15', ","'9.2', '2","55', '0",".0296', '0","', '0",'
"'8862', ","'20.83',"," '2026-05-08  22:54:30',"," '12.23',"," '255',"," '0.0243',"," '0',", '0'
"'8863', ","'20.86',"," '2026-05-08  22:54:45',"," '9.31', ","'255', ","'0.0112', ","'0', ",'0'
"'8864', ","'20.82',"," '2026-05-08  22:55:00',"," '9.62', ","'255', ","'0.0217', ","'0', ",'0'
"'8865', ","'20.56',"," '2026-05-08  22:55:15',"," '9.11', ","'255', ","'0.0123', ","'0', ",'0'
"'8866', ","'20.85',"," '2026-05-08  22:55:30',"," '2.84', ","'255', ","'0.0325', ","'0', ",'0'
"'8867', ","'20.54',"," '2026-05-08  22:55:45',"," '9.63', ","'255', ","'0.0265', ","'0', ",'0'
"'8868', ","'20.49',"," '2026-05-08  22:56:00',"," '6.08', ","'255', ","'0.0119', ","'0', ",'0'
"'8869', ","'20.92',"," '2026-05-08  22:56:15',"," '10.82',"," '255',"," '0.0337',"," '0',", '0'
"'8870', ","'20.45',"," '2026-05-08  22:56:30',"," '2.52', ","'255', ","'0.0329', ","'0', ",'0'
"'8871', ","'20.81',"," '2026-05-08  22:56:45',"," '11.94',"," '255',"," '0.0135',"," '0',", '0'
"'8872', ","'20.58',"," '2026-05-08  22:57:00',"," '4.95', ","'255', ","'0.009', '","0', '",0'
"'8873', ","'20.84',"," '2026-05-08  22:57:15',"," '3', '25","5', '0.","0264', '0'",", '0'",
"'8874', ","'20.38',"," '2026-05-08  22:57:30',"," '2.79', ","'255', ","'0.0151', ","'0', ",'0'
"'8875', ","'20.88',"," '2026-05-08  22:57:45',"," '9.46', ","'255', ","'0.0147', ","'0', ",'1'
"'8876', ","'20.44',"," '2026-05-08  22:58:00',"," '9.15', ","'255', ","'0.0109', ","'0', ",'0'
"'8877', ","'20.47',"," '2026-05-08  22:58:15',"," '10.8', ","'255', ","'0.018', '","0', '",0'
"'8878', ","'20.92',"," '2026-05-08  22:58:30',"," '4.31', ","'255', ","'0.0203', ","'0', ",'0'
"'8879', ","'20.7', ","'2026-05-08  22:58:45', ","'6.78', '","255', '","0.0116', '","0', '",0'
"'8880', ","'20.36',"," '2026-05-08  22:59:00',"," '5.24', ","'255', ","'0.0243', ","'0', ",'0'
"'8881', ","'20.34',"," '2026-05-08  22:59:15',"," '11.33',"," '255',"," '0.0214',"," '0',", '0'
"'8882', ","'20.75',"," '2026-05-08  22:59:30',"," '2.98', ","'255', ","'0.0136', ","'0', ",'0'
"'8883', ","'20.9', ","'2026-05-08  22:59:45', ","'10.43', ","'255', ","'0.0276', ","'0', ",'0'
"'8884', ","'20.71',"," '2026-05-08  23:00:00',"," '11.64',"," '255',"," '0.0085',"," '0',", '0'
"'8885', ","'20.5', ","'2026-05-08  23:00:15', ","'2.41', '","255', '","0.0324', '","0', '",0'
"'8886', ","'20.8', ","'2026-05-08  23:00:30', ","'5.6', '2","55', '0",".03', '0',", '0',
"'8887', ","'20.46',"," '2026-05-08  23:00:45',"," '5.21', ","'255', ","'0.022', '","0', '",0'
"'8888', ","'20.85',"," '2026-05-08  23:01:00',"," '2.71', ","'255', ","'0.0251', ","'0', ",'0'
"'8889', ","'20.87',"," '2026-05-08  23:01:15',"," '7.01', ","'255', ","'0.0253', ","'0', ",'0'
"'8890', ","'20.67',"," '2026-05-08  23:01:30',"," '99.48',"," '255',"," '0.0099',"," '0',", '0'
"'8891', ","'20.6', ","'2026-05-08  23:01:45', ","'7.89', '","255', '","0.0096', '","0', '",0'
"'8892', ","'20.82',"," '2026-05-08  23:02:00',"," '2.96', ","'255', ","'0.0168', ","'0', ",'1'
"'8893', ","'20.65',"," '2026-05-08  23:02:15',"," '5.91', ","'255', ","'0.0099', ","'0', ",'0'
"'8894', ","'20.85',"," '2026-05-08  23:02:30',"," '5.65', ","'255', ","'0.0084', ","'0', ",'0'
"'8895', ","'20.83',"," '2026-05-08  23:02:45',"," '3.09', ","'255', ","'0.0235', ","'0', ",'0'
"'8896', ","'20.72',"," '2026-05-08  23:03:00',"," '6.27', ","'255', ","'0.0083', ","'0', ",'0'
"'8897', ","'20.73',"," '2026-05-08  23:03:15',"," '5.57', ","'255', ","'0.0282', ","'0', ",'0'
"'8898', ","'20.25',"," '2026-05-08  23:03:30',"," '10.25',"," '255',"," '0.0311',"," '0',", '0'
"'8899', ","'20.69',"," '2026-05-08  23:03:45',"," '5.77', ","'255', ","'0.0292', ","'0', ",'0'
"'8900', ","'20.65',"," '2026-05-08  23:04:00',"," '98.03',"," '255',"," '0.0112',"," '0',", '0'
"'8901', ","'20.62',"," '2026-05-08  23:04:15',"," '7.95', ","'255', ","'0.0106', ","'0', ",'0'
"'8902', ","'20.42',"," '2026-05-08  23:04:30',"," '11.83',"," '255',"," '0.0314',"," '0',", '1'
"'8903', ","'20.44',"," '2026-05-08  23:04:45',"," '4.2', '","255', '","0.025', '0","', '0",'
"'8904', ","'20.57',"," '2026-05-08  23:05:00',"," '10.71',"," '255',"," '0.027', ","'0', ",'0'
"'8905', ","'20.47',"," '2026-05-08  23:05:15',"," '11.87',"," '255',"," '0.0311',"," '0',", '0'
"'8906', ","'20.46',"," '2026-05-08  23:05:30',"," '6.92', ","'255', ","'0.0288', ","'0', ",'0'
"'8907', ","'20.32',"," '2026-05-08  23:05:45',"," '11.93',"," '255',"," '0.0302',"," '0',", '0'
"'8908', ","'20.75',"," '2026-05-08  23:06:00',"," '8.3', '","255', '","0.02', '0'",", '1'",
"'8909', ","'20.68',"," '2026-05-08  23:06:15',"," '11.81',"," '255',"," '0.0326',"," '0',", '0'
"'8910', ","'20.65',"," '2026-05-08  23:06:30',"," '8.27', ","'255', ","'0.0124', ","'0', ",'0'
"'8911', ","'20.33',"," '2026-05-08  23:06:45',"," '2.85', ","'255', ","'0.0123', ","'0', ",'0'
"'8912', ","'20.55',"," '2026-05-08  23:07:00',"," '5.75', ","'255', ","'0.0338', ","'0', ",'0'
"'8913', ","'20.55',"," '2026-05-08  23:07:15',"," '2.82', ","'255', ","'0.0225', ","'0', ",'0'
"'8914', ","'20.6', ","'2026-05-08  23:07:30', ","'11.05', ","'255', ","'0.0151', ","'0', ",'0'
"'8915', ","'20.34',"," '2026-05-08  23:07:45',"," '8.77', ","'255', ","'0.0083', ","'0', ",'0'
"'8916', ","'20.74',"," '2026-05-08  23:08:00',"," '2.14', ","'255', ","'0.0105', ","'0', ",'0'
"'8917', ","'20.24',"," '2026-05-08  23:08:15',"," '7.19', ","'255', ","'0.0088', ","'0', ",'0'
"'8918', ","'20.3', ","'2026-05-08  23:08:30', ","'7.16', '","255', '","0.0229', '","0', '",0'
"'8919', ","'20.68',"," '2026-05-08  23:08:45',"," '2.29', ","'255', ","'0.0223', ","'0', ",'0'
"'8920', ","'20.53',"," '2026-05-08  23:09:00',"," '5.25', ","'255', ","'0.0267', ","'0', ",'0'
"'8921', ","'20.35',"," '2026-05-08  23:09:15',"," '11.27',"," '255',"," '0.0221',"," '0',", '0'
"'8922', ","'20.47',"," '2026-05-08  23:09:30',"," '6.07', ","'255', ","'0.0176', ","'0', ",'0'
"'8923', ","'20.67',"," '2026-05-08  23:09:45',"," '6.44', ","'255', ","'0.0202', ","'0', ",'0'
"'8924', ","'20.49',"," '2026-05-08  23:10:00',"," '4.48', ","'255', ","'0.0149', ","'0', ",'0'
"'8925', ","'20.62',"," '2026-05-08  23:10:15',"," '7.25', ","'255', ","'0.0306', ","'0', ",'0'
"'8926', ","'20.5', ","'2026-05-08  23:10:30', ","'8.52', '","255', '","0.0231', '","0', '",0'
"'8927', ","'20.5', ","'2026-05-08  23:10:45', ","'10.99', ","'255', ","'0.017', '","0', '",0'
"'8928', ","'20.5', ","'2026-05-08  23:11:00', ","'7.49', '","255', '","0.0102', '","0', '",0'
"'8929', ","'20.12',"," '2026-05-08  23:11:15',"," '2.56', ","'255', ","'0.0093', ","'0', ",'0'
"'8930', ","'20.33',"," '2026-05-08  23:11:30',"," '10.95',"," '255',"," '0.0095',"," '0',", '0'
"'8931', ","'20.49',"," '2026-05-08  23:11:45',"," '2.05', ","'255', ","'0.012', '","0', '",0'
"'8932', ","'20.46',"," '2026-05-08  23:12:00',"," '5.26', ","'255', ","'0.0216', ","'0', ",'0'
"'8933', ","'20.25',"," '2026-05-08  23:12:15',"," '10.51',"," '255',"," '0.0185',"," '0',", '0'
"'8934', ","'20.53',"," '2026-05-08  23:12:30',"," '5.78', ","'255', ","'0.0147', ","'0', ",'0'
"'8935', ","'20.46',"," '2026-05-08  23:12:45',"," '4.75', ","'255', ","'0.0257', ","'0', ",'0'
"'8936', ","'20.48',"," '2026-05-08  23:13:00',"," '11.13',"," '255',"," '0.0292',"," '0',", '0'
"'8937', ","'20.54',"," '2026-05-08  23:13:15',"," '3.21', ","'255', ","'0.0087', ","'0', ",'0'
"'8938', ","'20.2', ","'2026-05-08  23:13:30', ","'2.24', '","255', '","0.0129', '","0', '",0'
"'8939', ","'20.66',"," '2026-05-08  23:13:45',"," '2.02', ","'255', ","'0.0088', ","'0', ",'0'
"'8940', ","'20.16',"," '2026-05-08  23:14:00',"," '7.54', ","'255', ","'0.0216', ","'0', ",'0'
"'8941', ","'20.28',"," '2026-05-08  23:14:15',"," '6.06', ","'255', ","'0.0299', ","'0', ",'0'
"'8942', ","'20.49',"," '2026-05-08  23:14:30',"," '4.97', ","'255', ","'0.0297', ","'0', ",'0'
"'8943', ","'20.38',"," '2026-05-08  23:14:45',"," '5.43', ","'255', ","'0.0179', ","'0', ",'0'
"'8944', ","'20.4', ","'2026-05-08  23:15:00', ","'10.53', ","'255', ","'0.0126', ","'0', ",'0'
"'8945', ","'20.42',"," '2026-05-08  23:15:15',", '146.81',", '255'",", '0.0323'",", '0'",", '0'"
"'8946', ","'20.38',"," '2026-05-08  23:15:30',"," '11.3', ","'255', ","'0.0255', ","'0', ",'0'
"'8947', ","'20.48',"," '2026-05-08  23:15:45',"," '5.66', ","'255', ","'0.0193', ","'0', ",'0'
"'8948', ","'20.29',"," '2026-05-08  23:16:00',"," '5.42', ","'255', ","'0.0322', ","'0', ",'0'
"'8949', ","'20.29',"," '2026-05-08  23:16:15',"," '10.05',"," '255',"," '0.0149',"," '0',", '0'
"'8950', ","'20.13',"," '2026-05-08  23:16:30',"," '10.77',"," '255',"," '0.0255',"," '0',", '0'
"'8951', ","'20.1', ","'2026-05-08  23:16:45', ","'88.15', ","'255', ","'0.0132', ","'0', ",'0'
"'8952', ","'20.16',"," '2026-05-08  23:17:00',"," '9.92', ","'255', ","'0.0186', ","'0', ",'0'
"'8953', ","'20.51',"," '2026-05-08  23:17:15',"," '9.21', ","'255', ","'0.0269', ","'0', ",'0'
"'8954', ","'20.37',"," '2026-05-08  23:17:30',", '163.17',", '255'",", '0.0098'",", '0'",", '0'"
"'8955', ","'20.11',"," '2026-05-08  23:17:45',"," '1.88', ","'255', ","'0.0214', ","'0', ",'0'
"'8956', ","'20.22',"," '2026-05-08  23:18:00',"," '11.47',"," '255',"," '0.0324',"," '0',", '0'
"'8957', ","'20.36',"," '2026-05-08  23:18:15',"," '6.65', ","'255', ","'0.0271', ","'0', ",'0'
"'8958', ","'20.57',"," '2026-05-08  23:18:30',"," '7.48', ","'255', ","'0.0103', ","'0', ",'0'
"'8959', ","'20.12',"," '2026-05-08  23:18:45',"," '6.79', ","'255', ","'0.0311', ","'0', ",'0'
"'8960', ","'20.33',"," '2026-05-08  23:19:00',"," '4.06', ","'255', ","'0.0196', ","'0', ",'0'
"'8961', ","'20.3', ","'2026-05-08  23:19:15', ","'11.34', ","'255', ","'0.0305', ","'0', ",'0'
"'8962', ","'20', '2","026-05-08 23 :19:30', '1","0.53', '2","55', '0",".0328', '0","', '0",'
"'8963', ","'20.19',"," '2026-05-08  23:19:45',"," '2.02', ","'255', ","'0.0201', ","'0', ",'0'
"'8964', ","'20.45',"," '2026-05-08  23:20:00',"," '5.28', ","'255', ","'0.014', '","0', '",0'
"'8965', ","'20.54',"," '2026-05-08  23:20:15',"," '6.22', ","'255', ","'0.0258', ","'0', ",'0'
"'8966', ","'19.99',"," '2026-05-08  23:20:30',"," '2.39', ","'255', ","'0.0345', ","'0', ",'0'
"'8967', ","'20.5', ","'2026-05-08  23:20:45', ","'3.37', '","255', '","0.0112', '","0', '",0'
"'8968', ","'20.34',"," '2026-05-08  23:21:00',"," '9.72', ","'255', ","'0.0186', ","'0', ",'0'
"'8969', ","'20.51',"," '2026-05-08  23:21:15',"," '11.1', ","'255', ","'0.014', '","0', '",0'
"'8970', ","'20.19',"," '2026-05-08  23:21:30',"," '2.12', ","'255', ","'0.0153', ","'0', ",'0'
"'8971', ","'20.44',"," '2026-05-08  23:21:45',"," '3.52', ","'255', ","'0.0244', ","'0', ",'0'
"'8972', ","'20', '2","026-05-08 23 :22:00', '1","54.91', '","255', '","0.0164', '","0', '",0'
"'8973', ","'19.97',"," '2026-05-08  23:22:15',"," '5.96', ","'255', ","'0.0234', ","'0', ",'0'
"'8974', ","'19.96',"," '2026-05-08  23:22:30',"," '9.8', '","255', '","0.0321', '","0', '",0'
"'8975', ","'20.31',"," '2026-05-08  23:22:45',"," '4.57', ","'255', ","'0.0178', ","'0', ",'0'
"'8976', ","'20.44',"," '2026-05-08  23:23:00',"," '2.73', ","'255', ","'0.0311', ","'0', ",'0'
"'8977', ","'20.18',"," '2026-05-08  23:23:15',"," '6.51', ","'255', ","'0.031', '","0', '",0'
"'8978', ","'20.12',"," '2026-05-08  23:23:30',"," '4.38', ","'255', ","'0.0316', ","'0', ",'0'
"'8979', ","'20.31',"," '2026-05-08  23:23:45',"," '11.01',"," '255',"," '0.0181',"," '0',", '0'
"'8980', ","'20.5', ","'2026-05-08  23:24:00', ","'4.05', '","255', '","0.0214', '","0', '",0'
"'8981', ","'20.03',"," '2026-05-08  23:24:15',"," '10.22',"," '255',"," '0.0143',"," '0',", '0'
"'8982', ","'20.05',"," '2026-05-08  23:24:30',", '182.33',", '255'",", '0.0174'",", '0'",", '0'"
"'8983', ","'20.13',"," '2026-05-08  23:24:45',"," '8.42', ","'255', ","'0.0299', ","'0', ",'0'
"'8984', ","'20.08',"," '2026-05-08  23:25:00',"," '8.57', ","'255', ","'0.0084', ","'0', ",'0'
"'8985', ","'20.22',"," '2026-05-08  23:25:15',"," '8.9', '","255', '","0.0091', '","0', '",0'
"'8986', ","'20.21',"," '2026-05-08  23:25:30',"," '2.99', ","'255', ","'0.0259', ","'0', ",'0'
"'8987', ","'19.89',"," '2026-05-08  23:25:45',"," '1.61', ","'255', ","'0.0284', ","'0', ",'0'
"'8988', ","'19.91',"," '2026-05-08  23:26:00',"," '2.32', ","'255', ","'0.0273', ","'0', ",'0'
"'8989', ","'20.42',"," '2026-05-08  23:26:15',"," '4.86', ","'255', ","'0.0266', ","'0', ",'0'
"'8990', ","'20.29',"," '2026-05-08  23:26:30',"," '10.82',"," '255',"," '0.0164',"," '0',", '0'
"'8991', ","'20.4', ","'2026-05-08  23:26:45', ","'7.13', '","255', '","0.025', '0","', '0",'
"'8992', ","'20.05',"," '2026-05-08  23:27:00',"," '2.74', ","'255', ","'0.0184', ","'0', ",'0'
"'8993', ","'19.88',"," '2026-05-08  23:27:15',"," '6.74', ","'255', ","'0.0158', ","'0', ",'0'
"'8994', ","'20.41',"," '2026-05-08  23:27:30',"," '10.23',"," '255',"," '0.0133',"," '0',", '0'
"'8995', ","'20.41',"," '2026-05-08  23:27:45',"," '8.41', ","'255', ","'0.0181', ","'0', ",'0'
"'8996', ","'20.19',"," '2026-05-08  23:28:00',"," '10.17',"," '255',"," '0.0172',"," '0',", '1'
"'8997', ","'19.93',"," '2026-05-08  23:28:15',"," '8.07', ","'255', ","'0.0197', ","'0', ",'0'
"'8998', ","'19.96',"," '2026-05-08  23:28:30',"," '10.3', ","'255', ","'0.0271', ","'0', ",'0'
"'8999', ","'20.14',"," '2026-05-08  23:28:45',"," '10.84',"," '255',"," '0.0187',"," '0',", '0'
"'9000', ","'20.24',"," '2026-05-08  23:29:00',"," '11.24',"," '255',"," '0.0136',"," '0',", '0'
"'9001', ","'20.05',"," '2026-05-08  23:29:15',"," '9.44', ","'255', ","'0.0215', ","'0', ",'0'
"'9002', ","'20.31',"," '2026-05-08  23:29:30',"," '5.79', ","'255', ","'0.0201', ","'0', ",'0'
"'9003', ","'20.07',"," '2026-05-08  23:29:45',"," '8.38', ","'255', ","'0.0282', ","'0', ",'0'
"'9004', ","'20.03',"," '2026-05-08  23:30:00',"," '2.85', ","'255', ","'0.0296', ","'0', ",'0'
"'9005', ","'20.16',"," '2026-05-08  23:30:15',"," '7.67', ","'255', ","'0.0099', ","'0', ",'0'
"'9006', ","'20.33',"," '2026-05-08  23:30:30',"," '3.35', ","'255', ","'0.0201', ","'0', ",'0'
"'9007', ","'20.14',"," '2026-05-08  23:30:45',"," '7.23', ","'255', ","'0.034', '","0', '",0'
"'9008', ","'20.3', ","'2026-05-08  23:31:00', ","'5.31', '","255', '","0.0141', '","0', '",0'
"'9009', ","'20.32',"," '2026-05-08  23:31:15',"," '10.55',"," '255',"," '0.0317',"," '0',", '0'
"'9010', ","'20.29',"," '2026-05-08  23:31:30',"," '10.71',"," '255',"," '0.0218',"," '0',", '0'
"'9011', ","'20.23',"," '2026-05-08  23:31:45',"," '9.11', ","'255', ","'0.0167', ","'0', ",'0'
"'9012', ","'20.31',"," '2026-05-08  23:32:00',"," '8.94', ","'255', ","'0.0149', ","'0', ",'0'
"'9013', ","'20.34',"," '2026-05-08  23:32:15',"," '2.52', ","'255', ","'0.0286', ","'0', ",'0'
"'9014', ","'19.92',"," '2026-05-08  23:32:30',"," '7.52', ","'255', ","'0.0284', ","'0', ",'0'
"'9015', ","'20.17',"," '2026-05-08  23:32:45',"," '6.57', ","'255', ","'0.0223', ","'0', ",'0'
"'9016', ","'20.16',"," '2026-05-08  23:33:00',"," '1.53', ","'255', ","'0.0326', ","'0', ",'0'
"'9017', ","'20.21',"," '2026-05-08  23:33:15',"," '1.5', '","255', '","0.0137', '","0', '",0'
"'9018', ","'20.01',"," '2026-05-08  23:33:30',"," '5.35', ","'255', ","'0.0198', ","'0', ",'0'
"'9019', ","'19.8', ","'2026-05-08  23:33:45', ","'9.39', '","255', '","0.0084', '","0', '",0'
"'9020', ","'19.85',"," '2026-05-08  23:34:00',"," '6.79', ","'255', ","'0.0323', ","'0', ",'0'
"'9021', ","'19.83',"," '2026-05-08  23:34:15',"," '2.1', '","255', '","0.0129', '","0', '",0'
"'9022', ","'20.06',"," '2026-05-08  23:34:30',"," '2.34', ","'255', ","'0.0205', ","'0', ",'0'
"'9023', ","'19.75',"," '2026-05-08  23:34:45',"," '3.29', ","'255', ","'0.0333', ","'0', ",'1'
"'9024', ","'19.89',"," '2026-05-08  23:35:00',"," '3.95', ","'255', ","'0.0187', ","'0', ",'0'
"'9025', ","'19.93',"," '2026-05-08  23:35:15',"," '4.39', ","'255', ","'0.0122', ","'0', ",'0'
"'9026', ","'20.22',"," '2026-05-08  23:35:30',"," '1.48', ","'255', ","'0.0086', ","'0', ",'0'
"'9027', ","'20.07',"," '2026-05-08  23:35:45',"," '7.56', ","'255', ","'0.0337', ","'0', ",'0'
"'9028', ","'20.23',"," '2026-05-08  23:36:00',"," '3.59', ","'255', ","'0.009', '","0', '",0'
"'9029', ","'20.26',"," '2026-05-08  23:36:15',"," '5.91', ","'255', ","'0.0337', ","'0', ",'0'
"'9030', ","'19.82',"," '2026-05-08  23:36:30',"," '10.86',"," '255',"," '0.022', ","'0', ",'0'
"'9031', ","'20.1', ","'2026-05-08  23:36:45', ","'5.91', '","255', '","0.0321', '","0', '",0'
"'9032', ","'19.96',"," '2026-05-08  23:37:00',"," '1.62', ","'255', ","'0.0123', ","'0', ",'0'
"'9033', ","'19.73',"," '2026-05-08  23:37:15',"," '7.18', ","'255', ","'0.032', '","0', '",0'
"'9034', ","'19.83',"," '2026-05-08  23:37:30',"," '8.21', ","'255', ","'0.0166', ","'0', ",'0'
"'9035', ","'19.93',"," '2026-05-08  23:37:45',"," '4.87', ","'255', ","'0.0292', ","'0', ",'0'
"'9036', ","'19.79',"," '2026-05-08  23:38:00',"," '4.78', ","'255', ","'0.0271', ","'0', ",'0'
"'9037', ","'19.69',"," '2026-05-08  23:38:15',"," '8.74', ","'255', ","'0.0164', ","'0', ",'0'
"'9038', ","'20.1', ","'2026-05-08  23:38:30', ","'10.48', ","'255', ","'0.0082', ","'0', ",'0'
"'9039', ","'19.84',"," '2026-05-08  23:38:45',"," '5.15', ","'255', ","'0.0207', ","'0', ",'0'
"'9040', ","'19.75',"," '2026-05-08  23:39:00',"," '8.71', ","'255', ","'0.0272', ","'0', ",'0'
"'9041', ","'19.74',"," '2026-05-08  23:39:15',"," '6.62', ","'255', ","'0.0282', ","'0', ",'0'
"'9042', ","'20.16',"," '2026-05-08  23:39:30',"," '1.46', ","'255', ","'0.0167', ","'0', ",'0'
"'9043', ","'19.9', ","'2026-05-08  23:39:45', ","'11.11', ","'255', ","'0.0296', ","'0', ",'0'
"'9044', ","'19.78',"," '2026-05-08  23:40:00',"," '2.14', ","'255', ","'0.026', '","0', '",0'
"'9045', ","'20.11',"," '2026-05-08  23:40:15',"," '9.68', ","'255', ","'0.0326', ","'0', ",'0'
"'9046', ","'19.68',"," '2026-05-08  23:40:30',"," '6.19', ","'255', ","'0.0286', ","'0', ",'0'
"'9047', ","'20.16',"," '2026-05-08  23:40:45',"," '5.85', ","'255', ","'0.015', '","0', '",0'
"'9048', ","'19.92',"," '2026-05-08  23:41:00',"," '3.56', ","'255', ","'0.0113', ","'0', ",'0'
"'9049', ","'20.17',"," '2026-05-08  23:41:15',"," '7.79', ","'255', ","'0.0128', ","'0', ",'0'
"'9050', ","'20.05',"," '2026-05-08  23:41:30',"," '1.53', ","'255', ","'0.0136', ","'0', ",'0'
"'9051', ","'20.1', ","'2026-05-08  23:41:45', ","'9.78', '","255', '","0.0095', '","0', '",0'
"'9052', ","'20.1', ","'2026-05-08  23:42:00', ","'5.8', '2","55', '0",".0346', '0","', '0",'
"'9053', ","'19.8', ","'2026-05-08  23:42:15', ","'3.89', '","255', '","0.021', '0","', '0",'
"'9054', ","'20.03',"," '2026-05-08  23:42:30',", '143.87',", '255'",", '0.0131'",", '0'",", '0'"
"'9055', ","'20.14',"," '2026-05-08  23:42:45',"," '3.1', '","255', '","0.0242', '","0', '",0'
"'9056', ","'19.95',"," '2026-05-08  23:43:00',"," '3.34', ","'255', ","'0.0305', ","'0', ",'0'
"'9057', ","'20.07',"," '2026-05-08  23:43:15',"," '9.63', ","'255', ","'0.0111', ","'0', ",'1'
"'9058', ","'19.75',"," '2026-05-08  23:43:30',"," '7.69', ","'255', ","'0.0305', ","'0', ",'0'
"'9059', ","'19.65',"," '2026-05-08  23:43:45',"," '3.61', ","'255', ","'0.0145', ","'0', ",'0'
"'9060', ","'19.67',"," '2026-05-08  23:44:00',"," '2.97', ","'255', ","'0.0292', ","'0', ",'0'
"'9061', ","'19.8', ","'2026-05-08  23:44:15', ","'7.57', '","255', '","0.0348', '","0', '",0'
"'9062', ","'20.11',"," '2026-05-08  23:44:30',"," '5.77', ","'255', ","'0.013', '","0', '",0'
"'9063', ","'19.95',"," '2026-05-08  23:44:45',"," '4.87', ","'255', ","'0.0287', ","'0', ",'0'
"'9064', ","'19.66',"," '2026-05-08  23:45:00',"," '1.26', ","'255', ","'0.0324', ","'0', ",'0'
"'9065', ","'19.73',"," '2026-05-08  23:45:15',"," '10.59',"," '255',"," '0.0307',"," '0',", '0'
"'9066', ","'20.13',"," '2026-05-08  23:45:30',"," '10.54',"," '255',"," '0.0086',"," '0',", '0'
"'9067', ","'19.82',"," '2026-05-08  23:45:45',"," '8.5', '","255', '","0.0099', '","0', '",0'
"'9068', ","'19.88',"," '2026-05-08  23:46:00',"," '3.18', ","'255', ","'0.0301', ","'0', ",'0'
"'9069', ","'19.66',"," '2026-05-08  23:46:15',"," '9.59', ","'255', ","'0.0264', ","'0', ",'0'
"'9070', ","'19.83',"," '2026-05-08  23:46:30',"," '6.23', ","'255', ","'0.028', '","0', '",0'
"'9071', ","'19.63',"," '2026-05-08  23:46:45',"," '5.51', ","'255', ","'0.0129', ","'0', ",'0'
"'9072', ","'19.77',"," '2026-05-08  23:47:00',"," '1.55', ","'255', ","'0.0205', ","'0', ",'0'
"'9073', ","'19.95',"," '2026-05-08  23:47:15',"," '3.79', ","'255', ","'0.0088', ","'0', ",'0'
"'9074', ","'19.66',"," '2026-05-08  23:47:30',"," '2.94', ","'255', ","'0.0341', ","'0', ",'0'
"'9075', ","'19.77',"," '2026-05-08  23:47:45',"," '9.86', ","'255', ","'0.0329', ","'0', ",'0'
"'9076', ","'19.8', ","'2026-05-08  23:48:00', ","'1.68', '","255', '","0.0312', '","0', '",0'
"'9077', ","'19.92',"," '2026-05-08  23:48:15',"," '9.46', ","'255', ","'0.0096', ","'0', ",'0'
"'9078', ","'19.96',"," '2026-05-08  23:48:30',"," '8.95', ","'255', ","'0.0291', ","'0', ",'0'
"'9079', ","'19.76',"," '2026-05-08  23:48:45',"," '4.28', ","'255', ","'0.0202', ","'0', ",'0'
"'9080', ","'20.01',"," '2026-05-08  23:49:00',"," '9.19', ","'255', ","'0.0095', ","'0', ",'0'
"'9081', ","'19.82',"," '2026-05-08  23:49:15',"," '7.59', ","'255', ","'0.015', '","0', '",0'
"'9082', ","'19.8', ","'2026-05-08  23:49:30', ","'6.53', '","255', '","0.0121', '","0', '",0'
"'9083', ","'19.77',"," '2026-05-08  23:49:45',"," '3.44', ","'255', ","'0.0222', ","'0', ",'0'
"'9084', ","'19.83',"," '2026-05-08  23:50:00',"," '5.53', ","'255', ","'0.0336', ","'0', ",'0'
"'9085', ","'19.8', ","'2026-05-08  23:50:15', ","'9.42', '","255', '","0.0274', '","0', '",0'
"'9086', ","'19.89',"," '2026-05-08  23:50:30',"," '3.78', ","'255', ","'0.0193', ","'0', ",'0'
"'9087', ","'19.95',"," '2026-05-08  23:50:45',"," '9.8', '","255', '","0.0271', '","0', '",0'
"'9088', ","'19.58',"," '2026-05-08  23:51:00',"," '5.3', '","255', '","0.0126', '","0', '",0'
"'9089', ","'19.79',"," '2026-05-08  23:51:15',"," '3.98', ","'255', ","'0.0295', ","'0', ",'0'
"'9090', ","'19.49',"," '2026-05-08  23:51:30',"," '3.32', ","'255', ","'0.0322', ","'0', ",'0'
"'9091', ","'19.55',"," '2026-05-08  23:51:45',"," '5.82', ","'255', ","'0.024', '","0', '",0'
"'9092', ","'19.57',"," '2026-05-08  23:52:00',"," '8.5', '","255', '","0.0188', '","0', '",0'
"'9093', ","'19.79',"," '2026-05-08  23:52:15',"," '5.19', ","'255', ","'0.0097', ","'0', ",'0'
"'9094', ","'19.79',"," '2026-05-08  23:52:30',"," '2.46', ","'255', ","'0.0302', ","'0', ",'0'
"'9095', ","'19.77',"," '2026-05-08  23:52:45',"," '5.1', '","255', '","0.0183', '","0', '",0'
"'9096', ","'19.46',"," '2026-05-08  23:53:00',"," '1.93', ","'255', ","'0.0081', ","'0', ",'0'
"'9097', ","'19.66',"," '2026-05-08  23:53:15',"," '5.54', ","'255', ","'0.0173', ","'0', ",'0'
"'9098', ","'19.56',"," '2026-05-08  23:53:30',"," '3.8', '","255', '","0.0275', '","0', '",0'
"'9099', ","'19.67',"," '2026-05-08  23:53:45',"," '4.44', ","'255', ","'0.0311', ","'0', ",'0'
"'9100', ","'19.88',"," '2026-05-08  23:54:00',"," '3.15', ","'255', ","'0.0148', ","'0', ",'0'
"'9101', ","'19.74',"," '2026-05-08  23:54:15',"," '6.48', ","'255', ","'0.0307', ","'0', ",'0'
"'9102', ","'19.49',"," '2026-05-08  23:54:30',", '173.29',", '255'",", '0.0101'",", '0'",", '0'"
"'9103', ","'19.83',"," '2026-05-08  23:54:45',"," '9.62', ","'255', ","'0.0189', ","'0', ",'0'
"'9104', ","'19.58',"," '2026-05-08  23:55:00',"," '7.43', ","'255', ","'0.0293', ","'0', ",'0'
"'9105', ","'19.81',"," '2026-05-08  23:55:15',"," '0.86', ","'255', ","'0.019', '","0', '",0'
"'9106', ","'19.5', ","'2026-05-08  23:55:30', ","'9.59', '","255', '","0.0329', '","0', '",0'
"'9107', ","'19.46',"," '2026-05-08  23:55:45',"," '6.25', ","'255', ","'0.0332', ","'0', ",'0'
"'9108', ","'19.99',"," '2026-05-08  23:56:00',"," '1.71', ","'255', ","'0.0174', ","'0', ",'0'
"'9109', ","'19.97',"," '2026-05-08  23:56:15',"," '6.06', ","'255', ","'0.0101', ","'0', ",'0'
"'9110', ","'19.47',"," '2026-05-08  23:56:30',"," '10.16',"," '255',"," '0.0225',"," '0',", '0'
"'9111', ","'19.76',"," '2026-05-08  23:56:45',"," '9.06', ","'255', ","'0.0327', ","'0', ",'0'
"'9112', ","'19.43',"," '2026-05-08  23:57:00',"," '8.23', ","'255', ","'0.0237', ","'0', ",'0'
"'9113', ","'19.59',"," '2026-05-08  23:57:15',"," '9.51', ","'255', ","'0.0206', ","'0', ",'0'
"'9114', ","'19.55',"," '2026-05-08  23:57:30',"," '7.94', ","'255', ","'0.0173', ","'0', ",'0'
"'9115', ","'19.65',"," '2026-05-08  23:57:45',"," '8.8', '","255', '","0.0143', '","0', '",0'
"'9116', ","'19.53',"," '2026-05-08  23:58:00',"," '8.99', ","'255', ","'0.0145', ","'0', ",'0'
"'9117', ","'19.9', ","'2026-05-08  23:58:15', ","'91.23', ","'255', ","'0.0084', ","'0', ",'0'
"'9118', ","'19.84',"," '2026-05-08  23:58:30',"," '5.94', ","'255', ","'0.0251', ","'0', ",'0'
"'9119', ","'19.43',"," '2026-05-08  23:58:45',"," '4.51', ","'255', ","'0.0306', ","'0', ",'0'
"'9120', ","'19.82',"," '2026-05-08  23:59:00',"," '9.08', ","'255', ","'0.0182', ","'0', ",'0'
"'9121', ","'19.8', ","'2026-05-08  23:59:15', ","'3.45', '","255', '","0.0213', '","0', '",0'
"'9122', ","'19.69',"," '2026-05-08  23:59:30',"," '0.74', ","'255', ","'0.0239', ","'0', ",'0'
"'9123', ","'19.74',"," '2026-05-08  23:59:45',"," '7.62', ","'255', ","'0.0131', ","'0', ",'0'
"'9124', ","'19.4', ","'2026-05-09  00:00:00', ","'8.35', '","0.01', ","'0.0218', ","'0', ",'0'
"'9125', ","'19.6', ","'2026-05-09  00:00:15', ","'1.71', '","0.29', ","'0.021', '","0', '",0'
"'9126', ","'19.63',"," '2026-05-09  00:00:30',"," '7.94', ","'0.26',"," '0.0229',"," '0',", '0'
"'9127', ","'19.63',"," '2026-05-09  00:00:45',"," '8.21', ","'0.76',"," '0.0184',"," '0',", '0'
"'9128', ","'19.66',"," '2026-05-09  00:01:00',"," '7.37', ","'0.74',"," '0.0167',"," '0',", '0'
"'9129', ","'19.47',"," '2026-05-09  00:01:15',"," '5.15', ","'0.11',"," '0.0328',"," '0',", '0'
"'9130', ","'19.54',"," '2026-05-09  00:01:30',"," '3.6', '","0.08', ","'0.0207', ","'0', ",'0'
"'9131', ","'19.89',"," '2026-05-09  00:01:45',"," '5.57', ","'1.17',"," '0.0305',"," '0',", '0'
"'9132', ","'19.8', ","'2026-05-09  00:02:00', ","'10.13', ","'0.84',"," '0.0197',"," '0',", '0'
"'9133', ","'19.72',"," '2026-05-09  00:02:15',"," '8.47', ","'0.54',"," '0.028', ","'0', ",'0'
"'9134', ","'19.44',"," '2026-05-09  00:02:30',"," '9.68', ","'0.76',"," '0.0209',"," '0',", '0'
"'9135', ","'19.49',"," '2026-05-09  00:02:45',"," '6.2', '","0.41', ","'0.0202', ","'0', ",'0'
"'9136', ","'19.89',"," '2026-05-09  00:03:00',"," '4.43', ","'0.97',"," '0.0229',"," '0',", '0'
"'9137', ","'19.68',"," '2026-05-09  00:03:15',"," '1.75', ","'0.98',"," '0.0339',"," '0',", '0'
"'9138', ","'19.71',"," '2026-05-09  00:03:30',"," '1.38', ","'0.26',"," '0.015', ","'0', ",'0'
"'9139', ","'19.53',"," '2026-05-09  00:03:45',"," '9.82', ","'0.5', ","'0.0271', ","'0', ",'0'
"'9140', ","'19.35',"," '2026-05-09  00:04:00',"," '5.54', ","'1.01',"," '0.0142',"," '0',", '0'
"'9141', ","'19.46',"," '2026-05-09  00:04:15',", '183.94',", '0.74","', '0.0145","', '0","', '0'"
"'9142', ","'19.53',"," '2026-05-09  00:04:30',"," '6.59', ","'0.1', ","'0.015', '","0', '",0'
"'9143', ","'19.67',"," '2026-05-09  00:04:45',"," '2.9', '","0.05', ","'0.0176', ","'0', ",'0'
"'9144', ","'19.86',"," '2026-05-09  00:05:00',"," '6.3', '","0.89', ","'0.0306', ","'0', ",'0'
"'9145', ","'19.28',"," '2026-05-09  00:05:15',"," '2.34', ","'1.16',"," '0.0128',"," '0',", '0'
"'9146', ","'19.45',"," '2026-05-09  00:05:30',"," '10.25',", '1.06',", '0.0115'",", '0'",", '0'"
"'9147', ","'19.5', ","'2026-05-09  00:05:45', ","'5.59', '","1.2', '","0.0091', '","0', '",0'
"'9148', ","'19.78',"," '2026-05-09  00:06:00',"," '5.53', ","'0.15',"," '0.0264',"," '0',", '0'
"'9149', ","'19.67',"," '2026-05-09  00:06:15',"," '5.56', ","'1.21',"," '0.0186',"," '0',", '0'
"'9150', ","'19.35',"," '2026-05-09  00:06:30',"," '7.25', ","'0.74',"," '0.0255',"," '0',", '0'
"'9151', ","'19.71',"," '2026-05-09  00:06:45',"," '7.91', ","'0.48',"," '0.0128',"," '0',", '0'
"'9152', ","'19.69',"," '2026-05-09  00:07:00',"," '9.53', ","'0.4', ","'0.0178', ","'0', ",'0'
"'9153', ","'19.57',"," '2026-05-09  00:07:15',"," '6.89', ","'0.2', ","'0.0206', ","'0', ",'0'
"'9154', ","'19.67',"," '2026-05-09  00:07:30',"," '7.56', ","'1.2', ","'0.0081', ","'0', ",'0'
"'9155', ","'19.33',"," '2026-05-09  00:07:45',"," '1.91', ","'0.84',"," '0.0274',"," '0',", '0'
"'9156', ","'19.64',"," '2026-05-09  00:08:00',"," '9.68', ","'0.68',"," '0.0125',"," '0',", '0'
"'9157', ","'19.39',"," '2026-05-09  00:08:15',"," '9.17', ","'0.52',"," '0.0316',"," '0',", '0'
"'9158', ","'19.69',"," '2026-05-09  00:08:30',"," '6.34', ","'1.09',"," '0.0304',"," '0',", '1'
"'9159', ","'19.47',"," '2026-05-09  00:08:45',"," '9.08', ","'0.85',"," '0.0148',"," '0',", '0'
"'9160', ","'19.44',"," '2026-05-09  00:09:00',"," '5.81', ","'0.12',"," '0.0157',"," '0',", '0'
"'9161', ","'19.43',"," '2026-05-09  00:09:15',"," '6.27', ","'0.21',"," '0.0314',"," '0',", '0'
"'9162', ","'19.77',"," '2026-05-09  00:09:30',"," '4.26', ","'1.24',"," '0.0218',"," '0',", '0'
"'9163', ","'19.56',"," '2026-05-09  00:09:45',"," '2.88', ","'1.29',"," '0.0335',"," '0',", '0'
"'9164', ","'19.29',"," '2026-05-09  00:10:00',"," '1.91', ","'0.75',"," '0.0138',"," '0',", '0'
"'9165', ","'19.36',"," '2026-05-09  00:10:15',"," '7.09', ","'0.26',"," '0.0346',"," '0',", '0'
"'9166', ","'19.42',"," '2026-05-09  00:10:30',"," '4.18', ","'0.53',"," '0.0278',"," '0',", '0'
"'9167', ","'19.39',"," '2026-05-09  00:10:45',"," '4.08', ","'1', '0",".0202', '0","', '0",'
"'9168', ","'19.52',"," '2026-05-09  00:11:00',"," '1.65', ","'0.47',"," '0.0192',"," '0',", '0'
"'9169', ","'19.24',"," '2026-05-09  00:11:15',"," '10.17',", '0.17',", '0.0182'",", '0'",", '0'"
"'9170', ","'19.46',"," '2026-05-09  00:11:30',"," '2.5', '","0.95', ","'0.0153', ","'0', ",'0'
"'9171', ","'19.32',"," '2026-05-09  00:11:45',"," '6.6', '","0.64', ","'0.0102', ","'0', ",'0'
"'9172', ","'19.52',"," '2026-05-09  00:12:00',"," '9.58', ","'0.54',"," '0.0179',"," '0',", '0'
"'9173', ","'19.31',"," '2026-05-09  00:12:15',"," '8.31', ","'0.48',"," '0.0316',"," '0',", '0'
"'9174', ","'19.28',"," '2026-05-09  00:12:30',"," '4.9', '","0.21', ","'0.035', '","0', '",0'
"'9175', ","'19.52',"," '2026-05-09  00:12:45',", '109.23',", '0.89","', '0.0106","', '0","', '0'"
"'9176', ","'19.39',"," '2026-05-09  00:13:00',"," '2.45', ","'0.01',"," '0.0121',"," '0',", '0'
"'9177', ","'19.33',"," '2026-05-09  00:13:15',"," '2.06', ","'0.16',"," '0.0093',"," '0',", '0'
"'9178', ","'19.18',"," '2026-05-09  00:13:30',"," '5.91', ","'0.41',"," '0.0147',"," '0',", '0'
"'9179', ","'19.73',"," '2026-05-09  00:13:45',"," '8.75', ","'0.92',"," '0.0297',"," '0',", '0'
"'9180', ","'19.4', ","'2026-05-09  00:14:00', ","'9.41', '","0.37', ","'0.0123', ","'0', ",'0'
"'9181', ","'19.4', ","'2026-05-09  00:14:15', ","'5.66', '","0.64', ","'0.0082', ","'0', ",'0'
"'9182', ","'19.6', ","'2026-05-09  00:14:30', ","'5.42', '","0.49', ","'0.0274', ","'0', ",'0'
"'9183', ","'19.45',"," '2026-05-09  00:14:45',"," '8.79', ","'0.05',"," '0.0161',"," '0',", '0'
"'9184', ","'19.25',"," '2026-05-09  00:15:00',"," '10.35',", '0.08',", '0.0274'",", '0'",", '0'"
"'9185', ","'19.2', ","'2026-05-09  00:15:15', ","'10.35', ","'0.15',"," '0.0323',"," '0',", '0'
"'9186', ","'19.63',"," '2026-05-09  00:15:30',"," '1.88', ","'0.26',"," '0.0229',"," '0',", '0'
"'9187', ","'19.61',"," '2026-05-09  00:15:45',"," '7.75', ","'0.08',"," '0.0216',"," '0',", '0'
"'9188', ","'19.5', ","'2026-05-09  00:16:00', ","'4.31', '","0.83', ","'0.0244', ","'0', ",'0'
"'9189', ","'19.64',"," '2026-05-09  00:16:15',"," '4.17', ","'0.29',"," '0.0125',"," '0',", '0'
"'9190', ","'19.45',"," '2026-05-09  00:16:30',"," '3.79', ","'0.47',"," '0.0149',"," '0',", '0'
"'9191', ","'19.26',"," '2026-05-09  00:16:45',"," '7.78', ","'0.49',"," '0.0228',"," '0',", '0'
"'9192', ","'19.57',"," '2026-05-09  00:17:00',"," '4.65', ","'0.56',"," '0.0194',"," '0',", '0'
"'9193', ","'19.31',"," '2026-05-09  00:17:15',"," '10.14',", '0.88',", '0.0187'",", '0'",", '1'"
"'9194', ","'19.35',"," '2026-05-09  00:17:30',"," '1.38', ","'1.03',"," '0.0176',"," '0',", '0'
"'9195', ","'19.3', ","'2026-05-09  00:17:45', ","'7.64', '","0.39', ","'0.0285', ","'0', ",'0'
"'9196', ","'19.24',"," '2026-05-09  00:18:00',"," '5.23', ","'0.92',"," '0.0343',"," '0',", '0'
"'9197', ","'19.64',"," '2026-05-09  00:18:15',"," '7.07', ","'1.08',"," '0.0132',"," '0',", '0'
"'9198', ","'19.12',"," '2026-05-09  00:18:30',"," '0.41', ","'0.63',"," '0.0314',"," '0',", '0'
"'9199', ","'19.46',"," '2026-05-09  00:18:45',"," '9.85', ","'0.57',"," '0.0202',"," '0',", '0'
"'9200', ","'19.55',"," '2026-05-09  00:19:00',"," '8.55', ","'0.62',"," '0.0303',"," '0',", '0'
"'9201', ","'19.27',"," '2026-05-09  00:19:15',"," '1.61', ","'0.96',"," '0.0278',"," '0',", '0'
"'9202', ","'19.15',"," '2026-05-09  00:19:30',"," '5.46', ","'0.58',"," '0.0254',"," '0',", '0'
"'9203', ","'19.17',"," '2026-05-09  00:19:45',"," '0.95', ","'0.76',"," '0.0344',"," '0',", '0'
"'9204', ","'19.26',"," '2026-05-09  00:20:00',"," '7.1', '","0.4', '","0.0105', '","0', '",0'
"'9205', ","'19.53',"," '2026-05-09  00:20:15',"," '2.82', ","'1.19',"," '0.0232',"," '0',", '0'
"'9206', ","'19.33',"," '2026-05-09  00:20:30',"," '6.08', ","'1.09',"," '0.0278',"," '0',", '0'
"'9207', ","'19.6', ","'2026-05-09  00:20:45', ","'3.83', '","0.26', ","'0.0337', ","'0', ",'0'
"'9208', ","'19.1', ","'2026-05-09  00:21:00', ","'9.61', '","0.55', ","'0.0097', ","'0', ",'0'
"'9209', ","'19.24',"," '2026-05-09  00:21:15',"," '5.19', ","'1.23',"," '0.0136',"," '0',", '0'
"'9210', ","'19.07',"," '2026-05-09  00:21:30',"," '0.41', ","'0.3', ","'0.0129', ","'0', ",'0'
"'9211', ","'19.18',"," '2026-05-09  00:21:45',"," '8.34', ","'0.3', ","'0.0262', ","'0', ",'0'
"'9212', ","'19.53',"," '2026-05-09  00:22:00',"," '3.45', ","'0.4', ","'0.013', '","0', '",0'
"'9213', ","'19.25',"," '2026-05-09  00:22:15',"," '3.39', ","'1.28',"," '0.0256',"," '0',", '0'
"'9214', ","'19.44',"," '2026-05-09  00:22:30',"," '3.74', ","'0.19',"," '0.0267',"," '0',", '0'
"'9215', ","'19.36',"," '2026-05-09  00:22:45',"," '8.11', ","'0.67',"," '0.0329',"," '0',", '0'
"'9216', ","'19.25',"," '2026-05-09  00:23:00',"," '3.11', ","'1.22',"," '0.03', '","0', '",0'
"'9217', ","'19.28',"," '2026-05-09  00:23:15',"," '6.14', ","'1.25',"," '0.0197',"," '0',", '0'
"'9218', ","'19.17',"," '2026-05-09  00:23:30',"," '7.91', ","'0.18',"," '0.0268',"," '0',", '0'
"'9219', ","'19.54',"," '2026-05-09  00:23:45',"," '4.38', ","'1.23',"," '0.0149',"," '0',", '0'
"'9220', ","'19.54',"," '2026-05-09  00:24:00',"," '0.84', ","'0.64',"," '0.0301',"," '0',", '0'
"'9221', ","'19.49',"," '2026-05-09  00:24:15',"," '8.16', ","'0.74',"," '0.0272',"," '0',", '0'
"'9222', ","'19.47',"," '2026-05-09  00:24:30',"," '3.54', ","'0.14',"," '0.0278',"," '0',", '0'
"'9223', ","'19.16',"," '2026-05-09  00:24:45',"," '0.41', ","'1.03',"," '0.0163',"," '0',", '0'
"'9224', ","'19.57',"," '2026-05-09  00:25:00',", '151.53',", '0.67","', '0.0161","', '0","', '0'"
"'9225', ","'19.16',"," '2026-05-09  00:25:15',"," '4.57', ","'0.48',"," '0.0334',"," '0',", '0'
"'9226', ","'19.33',"," '2026-05-09  00:25:30',"," '4.06', ","'0.75',"," '0.0266',"," '0',", '0'
"'9227', ","'19.07',"," '2026-05-09  00:25:45',"," '5.1', '","0.29', ","'0.0106', ","'0', ",'0'
"'9228', ","'19.13',"," '2026-05-09  00:26:00',"," '4.98', ","'0.02',"," '0.0105',"," '0',", '0'
"'9229', ","'19.09',"," '2026-05-09  00:26:15',"," '4.1', '","1.13', ","'0.0118', ","'0', ",'0'
"'9230', ","'19.07',"," '2026-05-09  00:26:30',"," '6.08', ","'1.1', ","'0.0162', ","'0', ",'0'
"'9231', ","'19.56',"," '2026-05-09  00:26:45',"," '1.63', ","'0.33',"," '0.0235',"," '0',", '0'
"'9232', ","'19.46',"," '2026-05-09  00:27:00',"," '3.2', '","0.75', ","'0.0274', ","'0', ",'0'
"'9233', ","'19.54',"," '2026-05-09  00:27:15',"," '4.12', ","'0.48',"," '0.0171',"," '0',", '0'
"'9234', ","'19.52',"," '2026-05-09  00:27:30',"," '2.78', ","'0.95',"," '0.0152',"," '0',", '0'
"'9235', ","'19.3', ","'2026-05-09  00:27:45', ","'6.74', '","0.64', ","'0.0262', ","'0', ",'0'
"'9236', ","'19.08',"," '2026-05-09  00:28:00',"," '1.4', '","0.57', ","'0.0213', ","'0', ",'0'
"'9237', ","'19.56',"," '2026-05-09  00:28:15',"," '0.39', ","'1.28',"," '0.0186',"," '0',", '0'
"'9238', ","'19.03',"," '2026-05-09  00:28:30',"," '8.3', '","1.21', ","'0.0287', ","'0', ",'0'
"'9239', ","'19.04',"," '2026-05-09  00:28:45',"," '8.31', ","'1.3', ","'0.026', '","0', '",0'
"'9240', ","'19.28',"," '2026-05-09  00:29:00',"," '8.97', ","'0.46',"," '0.0206',"," '0',", '0'
"'9241', ","'19.19',"," '2026-05-09  00:29:15',"," '9.38', ","'0.36',"," '0.0148',"," '0',", '0'
"'9242', ","'19.32',"," '2026-05-09  00:29:30',"," '8.2', '","1.29', ","'0.0238', ","'0', ",'0'
"'9243', ","'19.32',"," '2026-05-09  00:29:45',"," '6.85', ","'1.01',"," '0.0228',"," '0',", '0'
"'9244', ","'19.37',"," '2026-05-09  00:30:00',"," '9.96', ","'0.92',"," '0.0135',"," '0',", '0'
"'9245', ","'19.15',"," '2026-05-09  00:30:15',"," '8.41', ","'0.41',"," '0.0342',"," '0',", '0'
"'9246', ","'19.21',"," '2026-05-09  00:30:30',"," '8.11', ","'0.92',"," '0.0267',"," '0',", '0'
"'9247', ","'19.33',"," '2026-05-09  00:30:45',"," '8.54', ","'1.02',"," '0.0296',"," '0',", '0'
"'9248', ","'18.98',"," '2026-05-09  00:31:00',"," '5.87', ","'0.88',"," '0.0186',"," '0',", '0'
"'9249', ","'19.19',"," '2026-05-09  00:31:15',"," '1.61', ","'0.67',"," '0.0343',"," '0',", '0'
"'9250', ","'19.15',"," '2026-05-09  00:31:30',"," '1.49', ","'0.68',"," '0.0327',"," '0',", '0'
"'9251', ","'19.13',"," '2026-05-09  00:31:45',"," '6.68', ","'1.07',"," '0.0149',"," '0',", '0'
"'9252', ","'19.01',"," '2026-05-09  00:32:00',"," '9.66', ","'0.36',"," '0.0153',"," '0',", '0'
"'9253', ","'19.47',"," '2026-05-09  00:32:15',"," '5.81', ","'0.7', ","'0.009', '","0', '",0'
"'9254', ","'19.43',"," '2026-05-09  00:32:30',"," '7.08', ","'1.17',"," '0.0242',"," '0',", '0'
"'9255', ","'19.43',"," '2026-05-09  00:32:45',"," '8.14', ","'0.15',"," '0.0097',"," '0',", '0'
"'9256', ","'19.16',"," '2026-05-09  00:33:00',"," '6.02', ","'0.68',"," '0.0324',"," '0',", '0'
"'9257', ","'19.46',"," '2026-05-09  00:33:15',"," '5.13', ","'0.81',"," '0.0224',"," '0',", '0'
"'9258', ","'19.29',"," '2026-05-09  00:33:30',"," '8.23', ","'0.24',"," '0.0305',"," '0',", '0'
"'9259', ","'19.08',"," '2026-05-09  00:33:45',"," '6.72', ","'0.97',"," '0.0125',"," '0',", '0'
"'9260', ","'19.04',"," '2026-05-09  00:34:00',"," '8.41', ","'0.14',"," '0.0316',"," '0',", '0'
"'9261', ","'19.31',"," '2026-05-09  00:34:15',"," '5.47', ","'0.63',"," '0.0252',"," '0',", '0'
"'9262', ","'18.95',"," '2026-05-09  00:34:30',"," '1.2', '","1.03', ","'0.0303', ","'0', ",'0'
"'9263', ","'19.25',"," '2026-05-09  00:34:45',"," '2.8', '","0.29', ","'0.0103', ","'0', ",'1'
"'9264', ","'19.31',"," '2026-05-09  00:35:00',"," '5.61', ","'0.49',"," '0.0139',"," '0',", '0'
"'9265', ","'19.09',"," '2026-05-09  00:35:15',"," '2.17', ","'0.45',"," '0.0306',"," '0',", '0'
"'9266', ","'19.25',"," '2026-05-09  00:35:30',"," '1.29', ","'0.46',"," '0.0209',"," '0',", '0'
"'9267', ","'19.45',"," '2026-05-09  00:35:45',"," '2.78', ","'0.42',"," '0.0258',"," '0',", '0'
"'9268', ","'19.46',"," '2026-05-09  00:36:00',"," '3.3', '","1.26', ","'0.0298', ","'0', ",'0'
"'9269', ","'19.02',"," '2026-05-09  00:36:15',"," '5.03', ","'0.92',"," '0.0153',"," '0',", '0'
"'9270', ","'19.4', ","'2026-05-09  00:36:30', ","'5.12', '","1.04', ","'0.0147', ","'0', ",'0'
"'9271', ","'19.08',"," '2026-05-09  00:36:45',"," '8.56', ","'1.12',"," '0.0256',"," '0',", '0'
"'9272', ","'18.97',"," '2026-05-09  00:37:00',"," '7.9', '","0.93', ","'0.0088', ","'0', ",'0'
"'9273', ","'19.33',"," '2026-05-09  00:37:15',"," '7.27', ","'0.66',"," '0.0193',"," '0',", '0'
"'9274', ","'19.44',"," '2026-05-09  00:37:30',"," '0.47', ","'1.18',"," '0.0109',"," '0',", '0'
"'9275', ","'19.01',"," '2026-05-09  00:37:45',"," '8.04', ","'0.8', ","'0.0199', ","'0', ",'0'
"'9276', ","'19.45',"," '2026-05-09  00:38:00',", '177.76',", '0.27","', '0.0181","', '0","', '0'"
"'9277', ","'19.33',"," '2026-05-09  00:38:15',"," '8.65', ","'1.16',"," '0.0156',"," '0',", '0'
"'9278', ","'18.91',"," '2026-05-09  00:38:30',"," '3.9', '","0.59', ","'0.0124', ","'0', ",'0'
"'9279', ","'19.37',"," '2026-05-09  00:38:45',"," '8.74', ","'0.66',"," '0.0269',"," '0',", '0'
"'9280', ","'19.05',"," '2026-05-09  00:39:00',"," '5.16', ","'0.26',"," '0.01', '","0', '",0'
"'9281', ","'19.4', ","'2026-05-09  00:39:15', ","'3.62', '","0.41', ","'0.0326', ","'0', ",'0'
"'9282', ","'18.85',"," '2026-05-09  00:39:30',"," '3.95', ","'0.55',"," '0.0293',"," '0',", '0'
"'9283', ","'19.37',"," '2026-05-09  00:39:45',"," '2.36', ","'0.64',"," '0.0229',"," '0',", '0'
"'9284', ","'18.87',"," '2026-05-09  00:40:00',"," '4.97', ","'0.92',"," '0.0087',"," '0',", '0'
"'9285', ","'19.09',"," '2026-05-09  00:40:15',"," '7.69', ","'1', '0",".0177', '0","', '0",'
"'9286', ","'18.98',"," '2026-05-09  00:40:30',"," '3.73', ","'1.02',"," '0.0291',"," '0',", '0'
"'9287', ","'18.91',"," '2026-05-09  00:40:45',"," '1.64', ","'0.89',"," '0.0275',"," '0',", '0'
"'9288', ","'19.18',"," '2026-05-09  00:41:00',"," '4.81', ","'0.9', ","'0.0195', ","'0', ",'0'
"'9289', ","'19.12',"," '2026-05-09  00:41:15',"," '3.45', ","'1.24',"," '0.0132',"," '0',", '0'
"'9290', ","'19.15',"," '2026-05-09  00:41:30',"," '0.13', ","'0.87',"," '0.0156',"," '0',", '0'
"'9291', ","'18.95',"," '2026-05-09  00:41:45',"," '1.55', ","'0.23',"," '0.0263',"," '0',", '0'
"'9292', ","'19.3', ","'2026-05-09  00:42:00', ","'4.86', '","0.11', ","'0.0218', ","'0', ",'0'
"'9293', ","'19.28',"," '2026-05-09  00:42:15',"," '2.32', ","'0.68',"," '0.0335',"," '0',", '0'
"'9294', ","'18.84',"," '2026-05-09  00:42:30',"," '9.09', ","'0.07',"," '0.034', ","'0', ",'0'
"'9295', ","'19.1', ","'2026-05-09  00:42:45', ","'1.64', '","0.26', ","'0.0144', ","'0', ",'0'
"'9296', ","'19.26',"," '2026-05-09  00:43:00',", '181.65',", '1.17","', '0.025'",", '0'",", '0'"
"'9297', ","'19.07',"," '2026-05-09  00:43:15',"," '9.04', ","'0.51',"," '0.0091',"," '0',", '0'
"'9298', ","'19.09',"," '2026-05-09  00:43:30',"," '0', '0.","57', '0",".0084', '0","', '0",'
"'9299', ","'18.85',"," '2026-05-09  00:43:45',"," '1.23', ","'0.06',"," '0.023', ","'0', ",'0'
"'9300', ","'18.97',"," '2026-05-09  00:44:00',"," '3.95', ","'1.01',"," '0.0204',"," '0',", '0'
"'9301', ","'18.92',"," '2026-05-09  00:44:15',"," '3.87', ","'0.84',"," '0.0141',"," '0',", '0'
"'9302', ","'18.9', ","'2026-05-09  00:44:30', ","'4.95', '","0.88', ","'0.0335', ","'0', ",'0'
"'9303', ","'19.04',"," '2026-05-09  00:44:45',"," '7.04', ","'0.49',"," '0.0297',"," '0',", '0'
"'9304', ","'19.19',"," '2026-05-09  00:45:00',"," '2.11', ","'0.45',"," '0.0276',"," '0',", '0'
"'9305', ","'19.23',"," '2026-05-09  00:45:15',"," '3.73', ","'1.26',"," '0.0123',"," '0',", '0'
"'9306', ","'19.18',"," '2026-05-09  00:45:30',"," '7.3', '","0.09', ","'0.0264', ","'0', ",'0'
"'9307', ","'18.78',"," '2026-05-09  00:45:45',"," '1.81', ","'1.18',"," '0.0126',"," '0',", '0'
"'9308', ","'19.06',"," '2026-05-09  00:46:00',"," '2.81', ","'0.76',"," '0.0262',"," '0',", '0'
"'9309', ","'19.32',"," '2026-05-09  00:46:15',"," '9.44', ","'1.04',"," '0.0258',"," '0',", '0'
"'9310', ","'19.12',"," '2026-05-09  00:46:30',"," '2.4', '","0.93', ","'0.0243', ","'0', ",'0'
"'9311', ","'19.11',"," '2026-05-09  00:46:45',"," '0.82', ","'0.55',"," '0.0254',"," '0',", '0'
"'9312', ","'19.36',"," '2026-05-09  00:47:00',"," '1.07', ","'0.85',"," '0.0283',"," '0',", '0'
"'9313', ","'19.04',"," '2026-05-09  00:47:15',"," '5.3', '","0.27', ","'0.0253', ","'0', ",'0'
"'9314', ","'19.11',"," '2026-05-09  00:47:30',"," '2.04', ","'1.19',"," '0.0323',"," '0',", '0'
"'9315', ","'19.17',"," '2026-05-09  00:47:45',"," '7.38', ","'0.01',"," '0.0169',"," '0',", '0'
"'9316', ","'18.98',"," '2026-05-09  00:48:00',"," '8.47', ","'0.41',"," '0.0295',"," '0',", '0'
"'9317', ","'18.75',"," '2026-05-09  00:48:15',"," '8.99', ","'0.33',"," '0.0257',"," '0',", '0'
"'9318', ","'19.32',"," '2026-05-09  00:48:30',"," '0.56', ","'0.28',"," '0.0342',"," '0',", '0'
"'9319', ","'19.03',"," '2026-05-09  00:48:45',"," '7.24', ","'0.07',"," '0.0162',"," '0',", '0'
"'9320', ","'18.86',"," '2026-05-09  00:49:00',"," '2.25', ","'0.52',"," '0.0344',"," '0',", '0'
"'9321', ","'19.23',"," '2026-05-09  00:49:15',"," '3.32', ","'1.24',"," '0.0315',"," '0',", '0'
"'9322', ","'19.31',"," '2026-05-09  00:49:30',"," '2.11', ","'0.33',"," '0.0188',"," '0',", '0'
"'9323', ","'18.82',"," '2026-05-09  00:49:45',"," '5.16', ","'0.55',"," '0.0347',"," '0',", '0'
"'9324', ","'18.78',"," '2026-05-09  00:50:00',"," '8.35', ","'0.3', ","'0.0294', ","'0', ",'0'
"'9325', ","'18.88',"," '2026-05-09  00:50:15',"," '0', '1.","06', '0",".0294', '0","', '0",'
"'9326', ","'19.31',"," '2026-05-09  00:50:30',"," '5.69', ","'0.89',"," '0.0137',"," '0',", '0'
"'9327', ","'19.18',"," '2026-05-09  00:50:45',"," '7.19', ","'0.63',"," '0.0344',"," '0',", '0'
"'9328', ","'19.06',"," '2026-05-09  00:51:00',"," '1.27', ","'0.08',"," '0.0098',"," '0',", '0'
"'9329', ","'18.84',"," '2026-05-09  00:51:15',"," '1.62', ","'0.33',"," '0.0334',"," '0',", '0'
"'9330', ","'18.96',"," '2026-05-09  00:51:30',"," '6.56', ","'0.91',"," '0.03', '","0', '",0'
"'9331', ","'18.97',"," '2026-05-09  00:51:45',"," '7.78', ","'0.21',"," '0.0222',"," '0',", '0'
"'9332', ","'18.73',"," '2026-05-09  00:52:00',"," '3.46', ","'0.96',"," '0.0218',"," '0',", '0'
"'9333', ","'18.85',"," '2026-05-09  00:52:15',"," '6.06', ","'1.04',"," '0.029', ","'0', ",'0'
"'9334', ","'19.11',"," '2026-05-09  00:52:30',"," '4.55', ","'0.59',"," '0.0103',"," '0',", '0'
"'9335', ","'18.91',"," '2026-05-09  00:52:45',"," '7.35', ","'1.02',"," '0.0178',"," '0',", '0'
"'9336', ","'19.22',"," '2026-05-09  00:53:00',"," '0.78', ","'0.66',"," '0.0236',"," '0',", '0'
"'9337', ","'18.88',"," '2026-05-09  00:53:15',"," '1.28', ","'0.9', ","'0.0209', ","'0', ",'0'
"'9338', ","'19.05',"," '2026-05-09  00:53:30',"," '3.31', ","'0.28',"," '0.0224',"," '0',", '0'
"'9339', ","'19.09',"," '2026-05-09  00:53:45',"," '8.84', ","'1.14',"," '0.0281',"," '0',", '0'
"'9340', ","'18.7', ","'2026-05-09  00:54:00', ","'1.03', '","0.23', ","'0.0201', ","'0', ",'0'
"'9341', ","'19.24',"," '2026-05-09  00:54:15',"," '3.77', ","'0.46',"," '0.0101',"," '0',", '0'
"'9342', ","'18.78',"," '2026-05-09  00:54:30',"," '8.48', ","'1.28',"," '0.0297',"," '0',", '0'
"'9343', ","'18.82',"," '2026-05-09  00:54:45',"," '6.36', ","'0.18',"," '0.0087',"," '0',", '0'
"'9344', ","'18.96',"," '2026-05-09  00:55:00',", '139.96',", '1.11","', '0.0153","', '0","', '0'"
"'9345', ","'18.82',"," '2026-05-09  00:55:15',"," '7.92', ","'0.66',"," '0.0157',"," '0',", '0'
"'9346', ","'19.25',"," '2026-05-09  00:55:30',"," '9.42', ","'1.25',"," '0.0264',"," '0',", '0'
"'9347', ","'19.16',"," '2026-05-09  00:55:45',"," '2.91', ","'0.53',"," '0.0109',"," '0',", '0'
"'9348', ","'19.21',"," '2026-05-09  00:56:00',"," '7.7', '","0.26', ","'0.0154', ","'0', ",'0'
"'9349', ","'19.24',"," '2026-05-09  00:56:15',"," '0.74', ","'1.25',"," '0.0093',"," '0',", '0'
"'9350', ","'18.68',"," '2026-05-09  00:56:30',"," '6.74', ","'1.2', ","'0.0158', ","'0', ",'0'
"'9351', ","'18.93',"," '2026-05-09  00:56:45',"," '4.94', ","'0.08',"," '0.0314',"," '0',", '0'
"'9352', ","'18.74',"," '2026-05-09  00:57:00',"," '4.91', ","'0.04',"," '0.0099',"," '0',", '0'
"'9353', ","'19.11',"," '2026-05-09  00:57:15',", '173.76',", '0.96","', '0.0209","', '0","', '0'"
"'9354', ","'18.93',"," '2026-05-09  00:57:30',"," '8.06', ","'0.37',"," '0.0167',"," '0',", '0'
"'9355', ","'18.72',"," '2026-05-09  00:57:45',"," '0.9', '","0.35', ","'0.0267', ","'0', ",'0'
"'9356', ","'19.25',"," '2026-05-09  00:58:00',"," '3.21', ","'0.67',"," '0.0275',"," '0',", '0'
"'9357', ","'18.66',"," '2026-05-09  00:58:15',"," '0.42', ","'0.26',"," '0.0307',"," '0',", '0'
"'9358', ","'19.12',"," '2026-05-09  00:58:30',", '108.58',", '0.23","', '0.0082","', '0","', '0'"
"'9359', ","'18.92',"," '2026-05-09  00:58:45',"," '8.29', ","'1.25',"," '0.029', ","'0', ",'0'
"'9360', ","'19.12',"," '2026-05-09  00:59:00',"," '3.56', ","'0.39',"," '0.0243',"," '0',", '0'
"'9361', ","'18.97',"," '2026-05-09  00:59:15',"," '6.91', ","'0.7', ","'0.0247', ","'0', ",'0'
"'9362', ","'18.79',"," '2026-05-09  00:59:30',"," '6.15', ","'0.79',"," '0.0092',"," '0',", '0'
"'9363', ","'18.81',"," '2026-05-09  00:59:45',"," '8.08', ","'1.26',"," '0.0298',"," '0',", '0'
"'9364', ","'19.1', ","'2026-05-09  01:00:00', ","'6.4', '0",".29', '","0.0203', '","0', '",0'
"'9365', ","'18.96',"," '2026-05-09  01:00:15',"," '6.44', ","'1.23',"," '0.0108',"," '0',", '0'
"'9366', ","'18.74',"," '2026-05-09  01:00:30',"," '2.56', ","'0.49',"," '0.0115',"," '0',", '0'
"'9367', ","'18.89',"," '2026-05-09  01:00:45',"," '4.95', ","'0.82',"," '0.0264',"," '0',", '0'
"'9368', ","'18.97',"," '2026-05-09  01:01:00',"," '8.11', ","'0.84',"," '0.0116',"," '0',", '0'
"'9369', ","'19.06',"," '2026-05-09  01:01:15',"," '4.69', ","'1.24',"," '0.0232',"," '0',", '0'
"'9370', ","'18.9', ","'2026-05-09  01:01:30', ","'0.36', '","0.79', ","'0.0299', ","'0', ",'0'
"'9371', ","'19.15',"," '2026-05-09  01:01:45',"," '5.54', ","'1.15',"," '0.0298',"," '0',", '0'
"'9372', ","'18.8', ","'2026-05-09  01:02:00', ","'2.02', '","1.24', ","'0.0235', ","'0', ",'0'
"'9373', ","'18.73',"," '2026-05-09  01:02:15',"," '6.74', ","'0.94',"," '0.0297',"," '0',", '0'
"'9374', ","'19.14',"," '2026-05-09  01:02:30',"," '8.72', ","'0.5', ","'0.011', '","0', '",0'
"'9375', ","'18.86',"," '2026-05-09  01:02:45',"," '5.82', ","'1.29',"," '0.0152',"," '0',", '0'
"'9376', ","'19.03',"," '2026-05-09  01:03:00',"," '0.62', ","'0.76',"," '0.0172',"," '0',", '0'
"'9377', ","'18.83',"," '2026-05-09  01:03:15',"," '0', '0.","53', '0",".027', '0'",", '0'",
"'9378', ","'19.14',"," '2026-05-09  01:03:30',"," '0.58', ","'1.2', ","'0.021', '","0', '",0'
"'9379', ","'18.65',"," '2026-05-09  01:03:45',"," '5.71', ","'1.15',"," '0.0339',"," '0',", '1'
"'9380', ","'18.76',"," '2026-05-09  01:04:00',"," '1.64', ","'0.56',"," '0.022', ","'0', ",'0'
"'9381', ","'19.03',"," '2026-05-09  01:04:15',"," '8.67', ","'0.72',"," '0.0194',"," '0',", '0'
"'9382', ","'18.94',"," '2026-05-09  01:04:30',"," '5.8', '","1.15', ","'0.0305', ","'0', ",'0'
"'9383', ","'19.12',"," '2026-05-09  01:04:45',"," '5.55', ","'1.3', ","'0.0242', ","'0', ",'0'
"'9384', ","'19.1', ","'2026-05-09  01:05:00', ","'5.05', '","0.59', ","'0.014', '","0', '",0'
"'9385', ","'18.62',"," '2026-05-09  01:05:15',"," '9.21', ","'0.29',"," '0.0106',"," '0',", '0'
"'9386', ","'19.05',"," '2026-05-09  01:05:30',"," '3.5', '","1.1', '","0.0266', '","0', '",0'
"'9387', ","'18.8', ","'2026-05-09  01:05:45', ","'0.24', '","1.04', ","'0.0141', ","'0', ",'0'
"'9388', ","'18.65',"," '2026-05-09  01:06:00',"," '4.27', ","'0.87',"," '0.0259',"," '0',", '0'
"'9389', ","'19.02',"," '2026-05-09  01:06:15',"," '1.52', ","'1.01',"," '0.0167',"," '0',", '0'
"'9390', ","'19.03',"," '2026-05-09  01:06:30',"," '8.26', ","'1.05',"," '0.0191',"," '0',", '0'
"'9391', ","'18.71',"," '2026-05-09  01:06:45',"," '6', '1.","04', '0",".0112', '0","', '0",'
"'9392', ","'19.14',"," '2026-05-09  01:07:00',"," '9.23', ","'1.28',"," '0.0346',"," '0',", '0'
"'9393', ","'18.96',"," '2026-05-09  01:07:15',"," '5.09', ","'1.24',"," '0.032', ","'0', ",'0'
"'9394', ","'18.77',"," '2026-05-09  01:07:30',"," '7.92', ","'0.75',"," '0.0175',"," '0',", '0'
"'9395', ","'18.66',"," '2026-05-09  01:07:45',"," '1.82', ","'0.94',"," '0.0158',"," '0',", '0'
"'9396', ","'18.79',"," '2026-05-09  01:08:00',"," '0', '0.","11', '0",".0326', '0","', '1",'
"'9397', ","'18.92',"," '2026-05-09  01:08:15',"," '3.37', ","'0.25',"," '0.0316',"," '0',", '0'
"'9398', ","'18.61',"," '2026-05-09  01:08:30',"," '9.08', ","'0.5', ","'0.0216', ","'0', ",'0'
"'9399', ","'19.05',"," '2026-05-09  01:08:45',"," '4.26', ","'1.23',"," '0.0122',"," '0',", '0'
"'9400', ","'18.85',"," '2026-05-09  01:09:00',"," '6.17', ","'1.15',"," '0.0226',"," '0',", '0'
"'9401', ","'18.97',"," '2026-05-09  01:09:15',"," '2.37', ","'0.83',"," '0.034', ","'0', ",'0'
"'9402', ","'18.99',"," '2026-05-09  01:09:30',"," '7.69', ","'0.17',"," '0.0326',"," '0',", '0'
"'9403', ","'18.76',"," '2026-05-09  01:09:45',"," '8.79', ","'0.84',"," '0.0122',"," '0',", '0'
"'9404', ","'18.92',"," '2026-05-09  01:10:00',"," '1.84', ","'1.03',"," '0.0335',"," '0',", '0'
"'9405', ","'18.79',"," '2026-05-09  01:10:15',"," '4.75', ","'0.56',"," '0.0265',"," '0',", '0'
"'9406', ","'18.62',"," '2026-05-09  01:10:30',"," '3.65', ","'0.73',"," '0.0166',"," '0',", '0'
"'9407', ","'18.73',"," '2026-05-09  01:10:45',"," '4.11', ","'0.08',"," '0.0246',"," '0',", '0'
"'9408', ","'18.56',"," '2026-05-09  01:11:00',"," '172.5',", '0.53',", '0.0322'",", '0'",", '0'"
"'9409', ","'18.6', ","'2026-05-09  01:11:15', ","'8.66', '","0.64', ","'0.0349', ","'0', ",'0'
"'9410', ","'18.64',"," '2026-05-09  01:11:30',"," '1.77', ","'0.4', ","'0.0208', ","'0', ",'0'
"'9411', ","'18.97',"," '2026-05-09  01:11:45',"," '0.17', ","'1.23',"," '0.0187',"," '0',", '0'
"'9412', ","'19.02',"," '2026-05-09  01:12:00',"," '2.04', ","'0.89',"," '0.008', ","'0', ",'0'
"'9413', ","'18.68',"," '2026-05-09  01:12:15',"," '6.71', ","'1.29',"," '0.0346',"," '0',", '0'
"'9414', ","'18.82',"," '2026-05-09  01:12:30',"," '0.18', ","'1.28',"," '0.0191',"," '0',", '0'
"'9415', ","'18.61',"," '2026-05-09  01:12:45',"," '2.14', ","'1.23',"," '0.0145',"," '0',", '0'
"'9416', ","'18.73',"," '2026-05-09  01:13:00',"," '3.9', '","0.05', ","'0.0345', ","'0', ",'0'
"'9417', ","'18.97',"," '2026-05-09  01:13:15',"," '1.36', ","'1.18',"," '0.0229',"," '0',", '0'
"'9418', ","'19', '2","026-05-09 01 :13:30', '7",".12', '0.","23', '0",".0275', '0","', '0",'
"'9419', ","'18.89',"," '2026-05-09  01:13:45',"," '3.1', '","0.45', ","'0.0187', ","'0', ",'0'
"'9420', ","'18.95',"," '2026-05-09  01:14:00',"," '5.54', ","'1.14',"," '0.0253',"," '0',", '0'
"'9421', ","'19', '2","026-05-09 01 :14:15', '3",".72', '0.","7', '0.","0282', '0'",", '0'",
"'9422', ","'18.82',"," '2026-05-09  01:14:30',"," '0', '0.","3', '0.","0256', '0'",", '0'",
"'9423', ","'19.03',"," '2026-05-09  01:14:45',"," '9.3', '","0.78', ","'0.0222', ","'0', ",'0'
"'9424', ","'18.8', ","'2026-05-09  01:15:00', ","'2.25', '","0.4', '","0.0156', '","0', '",0'
"'9425', ","'18.96',"," '2026-05-09  01:15:15',"," '9.29', ","'0.83',"," '0.0308',"," '0',", '0'
"'9426', ","'19.02',"," '2026-05-09  01:15:30',"," '1.64', ","'1.04',"," '0.0117',"," '0',", '0'
"'9427', ","'18.57',"," '2026-05-09  01:15:45',"," '2.91', ","'0.78',"," '0.016', ","'0', ",'0'
"'9428', ","'18.81',"," '2026-05-09  01:16:00',"," '3.62', ","'1.09',"," '0.0213',"," '0',", '0'
"'9429', ","'18.76',"," '2026-05-09  01:16:15',"," '8.8', '","0.37', ","'0.0163', ","'0', ",'0'
"'9430', ","'18.95',"," '2026-05-09  01:16:30',"," '8.28', ","'1.24',"," '0.0091',"," '0',", '0'
"'9431', ","'18.68',"," '2026-05-09  01:16:45',"," '7.34', ","'1.23',"," '0.0288',"," '0',", '0'
"'9432', ","'19.06',"," '2026-05-09  01:17:00',"," '6.36', ","'0.16',"," '0.0288',"," '0',", '0'
"'9433', ","'18.55',"," '2026-05-09  01:17:15',"," '9.26', ","'0.63',"," '0.0236',"," '0',", '0'
"'9434', ","'18.56',"," '2026-05-09  01:17:30',"," '3.37', ","'0.79',"," '0.0312',"," '0',", '0'
"'9435', ","'18.74',"," '2026-05-09  01:17:45',"," '5.99', ","'0.15',"," '0.0169',"," '0',", '0'
"'9436', ","'18.85',"," '2026-05-09  01:18:00',"," '3.13', ","'0.34',"," '0.0228',"," '0',", '0'
"'9437', ","'18.92',"," '2026-05-09  01:18:15',"," '5.74', ","'1.06',"," '0.0338',"," '0',", '0'
"'9438', ","'19.06',"," '2026-05-09  01:18:30',"," '3.81', ","'0.11',"," '0.0175',"," '0',", '0'
"'9439', ","'18.54',"," '2026-05-09  01:18:45',"," '0.03', ","'0.01',"," '0.0162',"," '0',", '0'
"'9440', ","'18.8', ","'2026-05-09  01:19:00', ","'0.94', '","0.3', '","0.0163', '","0', '",0'
"'9441', ","'18.66',"," '2026-05-09  01:19:15',"," '1.26', ","'0.85',"," '0.0146',"," '0',", '0'
"'9442', ","'18.83',"," '2026-05-09  01:19:30',"," '2.24', ","'0.89',"," '0.0102',"," '0',", '0'
"'9443', ","'19.01',"," '2026-05-09  01:19:45',"," '5.73', ","'0.95',"," '0.0123',"," '0',", '0'
"'9444', ","'18.79',"," '2026-05-09  01:20:00',"," '0.43', ","'0.62',"," '0.0256',"," '0',", '0'
"'9445', ","'18.82',"," '2026-05-09  01:20:15',"," '6.6', '","0.67', ","'0.0322', ","'0', ",'0'
"'9446', ","'18.89',"," '2026-05-09  01:20:30',"," '0.21', ","'0.08',"," '0.0179',"," '0',", '0'
"'9447', ","'18.62',"," '2026-05-09  01:20:45',"," '0.43', ","'0.64',"," '0.0144',"," '0',", '0'
"'9448', ","'18.99',"," '2026-05-09  01:21:00',"," '4.88', ","'1.19',"," '0.0272',"," '0',", '0'
"'9449', ","'19.04',"," '2026-05-09  01:21:15',"," '1.06', ","'1.27',"," '0.0169',"," '0',", '0'
"'9450', ","'18.7', ","'2026-05-09  01:21:30', ","'6.62', '","0.94', ","'0.0256', ","'0', ",'0'
"'9451', ","'18.5', ","'2026-05-09  01:21:45', ","'0.14', '","0.89', ","'0.0307', ","'0', ",'0'
"'9452', ","'18.8', ","'2026-05-09  01:22:00', ","'0.66', '","0.51', ","'0.0233', ","'0', ",'0'
"'9453', ","'18.59',"," '2026-05-09  01:22:15',"," '5.72', ","'0.37',"," '0.0114',"," '0',", '0'
"'9454', ","'18.58',"," '2026-05-09  01:22:30',"," '1.16', ","'0.81',"," '0.0247',"," '0',", '0'
"'9455', ","'18.63',"," '2026-05-09  01:22:45',"," '4.59', ","'0.21',"," '0.0251',"," '0',", '0'
"'9456', ","'18.46',"," '2026-05-09  01:23:00',"," '8.11', ","'0.68',"," '0.0163',"," '0',", '0'
"'9457', ","'18.57',"," '2026-05-09  01:23:15',"," '3.47', ","'1.09',"," '0.0221',"," '0',", '0'
"'9458', ","'18.71',"," '2026-05-09  01:23:30',", '124.25',", '0.65","', '0.0314","', '0","', '0'"
"'9459', ","'18.72',"," '2026-05-09  01:23:45',"," '4.2', '","1.19', ","'0.0342', ","'0', ",'0'
"'9460', ","'18.79',"," '2026-05-09  01:24:00',"," '2.74', ","'1.06',"," '0.0238',"," '0',", '0'
"'9461', ","'18.47',"," '2026-05-09  01:24:15',"," '2.86', ","'0.18',"," '0.0256',"," '0',", '0'
"'9462', ","'18.77',"," '2026-05-09  01:24:30',"," '0.78', ","'1.2', ","'0.0331', ","'0', ",'0'
"'9463', ","'18.75',"," '2026-05-09  01:24:45',", '129.63',", '0.8'",", '0.0345'",", '0'",", '0'"
"'9464', ","'18.9', ","'2026-05-09  01:25:00', ","'5.51', '","0.96', ","'0.0165', ","'0', ",'0'
"'9465', ","'18.51',"," '2026-05-09  01:25:15',"," '8.83', ","'0.93',"," '0.0227',"," '0',", '0'
"'9466', ","'18.63',"," '2026-05-09  01:25:30',"," '7.45', ","'0.67',"," '0.0264',"," '0',", '0'
"'9467', ","'18.46',"," '2026-05-09  01:25:45',"," '3.1', '","0.63', ","'0.0081', ","'0', ",'0'
"'9468', ","'18.9', ","'2026-05-09  01:26:00', ","'7.9', '0",".91', '","0.0222', '","0', '",0'
"'9469', ","'18.81',"," '2026-05-09  01:26:15',"," '1.95', ","'0.36',"," '0.0117',"," '0',", '0'
"'9470', ","'18.55',"," '2026-05-09  01:26:30',"," '7.67', ","'0.2', ","'0.0144', ","'0', ",'1'
"'9471', ","'18.46',"," '2026-05-09  01:26:45',"," '6.7', '","0.15', ","'0.0129', ","'0', ",'0'
"'9472', ","'18.74',"," '2026-05-09  01:27:00',"," '3.9', '","0.43', ","'0.0222', ","'0', ",'0'
"'9473', ","'18.49',"," '2026-05-09  01:27:15',"," '3.12', ","'0.18',"," '0.0321',"," '0',", '0'
"'9474', ","'18.78',"," '2026-05-09  01:27:30',"," '7.07', ","'0.82',"," '0.0241',"," '0',", '0'
"'9475', ","'18.68',"," '2026-05-09  01:27:45',"," '2.43', ","'0.93',"," '0.0324',"," '0',", '0'
"'9476', ","'18.9', ","'2026-05-09  01:28:00', ","'8.39', '","0.72', ","'0.0203', ","'0', ",'0'
"'9477', ","'18.54',"," '2026-05-09  01:28:15',", '181.83',", '0.54","', '0.0174","', '0","', '0'"
"'9478', ","'18.41',"," '2026-05-09  01:28:30',"," '1.6', '","0.29', ","'0.0319', ","'0', ",'0'
"'9479', ","'18.66',"," '2026-05-09  01:28:45',"," '3.1', '","1.12', ","'0.0321', ","'0', ",'0'
"'9480', ","'18.83',"," '2026-05-09  01:29:00',"," '0.2', '","0.69', ","'0.0232', ","'0', ",'0'
"'9481', ","'18.9', ","'2026-05-09  01:29:15', ","'5.42', '","0.41', ","'0.0219', ","'0', ",'0'
"'9482', ","'18.92',"," '2026-05-09  01:29:30',"," '5.96', ","'0.4', ","'0.0116', ","'0', ",'0'
"'9483', ","'18.79',"," '2026-05-09  01:29:45',"," '6.19', ","'1.28',"," '0.021', ","'0', ",'0'
"'9484', ","'18.72',"," '2026-05-09  01:30:00',"," '2.51', ","'0.84',"," '0.0304',"," '0',", '0'
"'9485', ","'18.87',"," '2026-05-09  01:30:15',"," '6.5', '","0.62', ","'0.0283', ","'0', ",'0'
"'9486', ","'18.75',"," '2026-05-09  01:30:30',"," '8.68', ","'1.14',"," '0.0143',"," '0',", '0'
"'9487', ","'18.8', ","'2026-05-09  01:30:45', ","'8.59', '","0.55', ","'0.033', '","0', '",0'
"'9488', ","'18.71',"," '2026-05-09  01:31:00',"," '0.28', ","'1.12',"," '0.0291',"," '0',", '0'
"'9489', ","'18.5', ","'2026-05-09  01:31:15', ","'2.24', '","0.52', ","'0.0345', ","'0', ",'1'
"'9490', ","'18.43',"," '2026-05-09  01:31:30',"," '5.96', ","'0.91',"," '0.0296',"," '0',", '0'
"'9491', ","'18.53',"," '2026-05-09  01:31:45',"," '8.96', ","'0.93',"," '0.0264',"," '0',", '0'
"'9492', ","'18.78',"," '2026-05-09  01:32:00',"," '7.61', ","'0.62',"," '0.016', ","'0', ",'0'
"'9493', ","'18.72',"," '2026-05-09  01:32:15',"," '7.04', ","'1.18',"," '0.0114',"," '0',", '0'
"'9494', ","'18.52',"," '2026-05-09  01:32:30',"," '7.41', ","'0.69',"," '0.0237',"," '0',", '0'
"'9495', ","'18.77',"," '2026-05-09  01:32:45',"," '6.06', ","'1.01',"," '0.0342',"," '0',", '0'
"'9496', ","'18.56',"," '2026-05-09  01:33:00',"," '1.55', ","'0.92',"," '0.0186',"," '0',", '0'
"'9497', ","'18.87',"," '2026-05-09  01:33:15',"," '0.14', ","'0.34',"," '0.0347',"," '0',", '0'
"'9498', ","'18.9', ","'2026-05-09  01:33:30', ","'0.71', '","0.16', ","'0.0303', ","'0', ",'0'
"'9499', ","'18.9', ","'2026-05-09  01:33:45', ","'1.86', '","0.22', ","'0.0101', ","'0', ",'0'
"'9500', ","'18.64',"," '2026-05-09  01:34:00',"," '3.99', ","'0.09',"," '0.0222',"," '0',", '0'
"'9501', ","'18.43',"," '2026-05-09  01:34:15',"," '1.83', ","'0.8', ","'0.0327', ","'0', ",'0'
"'9502', ","'18.89',"," '2026-05-09  01:34:30',"," '3.81', ","'0.51',"," '0.0254',"," '0',", '0'
"'9503', ","'18.36',"," '2026-05-09  01:34:45',"," '0.67', ","'1.22',"," '0.033', ","'0', ",'0'
"'9504', ","'18.61',"," '2026-05-09  01:35:00',"," '8.23', ","'1.28',"," '0.033', ","'0', ",'0'
"'9505', ","'18.86',"," '2026-05-09  01:35:15',"," '0.71', ","'0.13',"," '0.0257',"," '0',", '0'
"'9506', ","'18.88',"," '2026-05-09  01:35:30',"," '3.27', ","'0.92',"," '0.0292',"," '0',", '0'
"'9507', ","'18.55',"," '2026-05-09  01:35:45',"," '4.13', ","'0.68',"," '0.0147',"," '0',", '0'
"'9508', ","'18.75',"," '2026-05-09  01:36:00',"," '4', '0.","23', '0",".0234', '0","', '0",'
"'9509', ","'18.92',"," '2026-05-09  01:36:15',"," '6.49', ","'1.11',"," '0.0162',"," '0',", '0'
"'9510', ","'18.66',"," '2026-05-09  01:36:30',"," '5.66', ","'0.65',"," '0.0244',"," '0',", '0'
"'9511', ","'18.56',"," '2026-05-09  01:36:45',"," '7', '0.","79', '0",".0231', '0","', '0",'
"'9512', ","'18.85',"," '2026-05-09  01:37:00',"," '6.6', '","0.13', ","'0.016', '","0', '",0'
"'9513', ","'18.64',"," '2026-05-09  01:37:15',"," '1.64', ","'0.71',"," '0.0343',"," '0',", '0'
"'9514', ","'18.63',"," '2026-05-09  01:37:30',"," '3.17', ","'0.9', ","'0.0326', ","'0', ",'0'
"'9515', ","'18.38',"," '2026-05-09  01:37:45',"," '2.71', ","'1.16',"," '0.0099',"," '0',", '0'
"'9516', ","'18.87',"," '2026-05-09  01:38:00',"," '5.4', '","1.26', ","'0.0115', ","'0', ",'0'
"'9517', ","'18.85',"," '2026-05-09  01:38:15',"," '5.25', ","'0.08',"," '0.0178',"," '0',", '0'
"'9518', ","'18.7', ","'2026-05-09  01:38:30', ","'7.16', '","1.09', ","'0.0217', ","'0', ",'0'
"'9519', ","'18.72',"," '2026-05-09  01:38:45',"," '6.04', ","'1.26',"," '0.0225',"," '0',", '0'
"'9520', ","'18.74',"," '2026-05-09  01:39:00',"," '8.79', ","'1.16',"," '0.0198',"," '0',", '0'
"'9521', ","'18.84',"," '2026-05-09  01:39:15',"," '2.73', ","'0.47',"," '0.0328',"," '0',", '0'
"'9522', ","'18.74',"," '2026-05-09  01:39:30',"," '5.83', ","'0.23',"," '0.0341',"," '0',", '0'
"'9523', ","'18.44',"," '2026-05-09  01:39:45',"," '2', '1.","27', '0",".0083', '0","', '0",'
"'9524', ","'18.42',"," '2026-05-09  01:40:00',"," '7.46', ","'0.12',"," '0.0266',"," '0',", '0'
"'9525', ","'18.66',"," '2026-05-09  01:40:15',"," '6.21', ","'0.68',"," '0.0334',"," '0',", '0'
"'9526', ","'18.64',"," '2026-05-09  01:40:30',"," '8.3', '","0.77', ","'0.0241', ","'0', ",'0'
"'9527', ","'18.75',"," '2026-05-09  01:40:45',"," '6.07', ","'1.13',"," '0.0257',"," '0',", '0'
"'9528', ","'18.69',"," '2026-05-09  01:41:00',"," '5.56', ","'0.41',"," '0.0272',"," '0',", '0'
"'9529', ","'18.51',"," '2026-05-09  01:41:15',"," '0.24', ","'0.23',"," '0.0118',"," '0',", '0'
"'9530', ","'18.91',"," '2026-05-09  01:41:30',"," '5.29', ","'0.01',"," '0.0207',"," '0',", '0'
"'9531', ","'18.83',"," '2026-05-09  01:41:45',"," '6.07', ","'1', '0",".0149', '0","', '0",'
"'9532', ","'18.73',"," '2026-05-09  01:42:00',"," '1.04', ","'0.46',"," '0.0124',"," '0',", '0'
"'9533', ","'18.33',"," '2026-05-09  01:42:15',"," '1.85', ","'0.86',"," '0.0345',"," '0',", '0'
"'9534', ","'18.37',"," '2026-05-09  01:42:30',"," '0.93', ","'1', '0",".0145', '0","', '0",'
"'9535', ","'18.72',"," '2026-05-09  01:42:45',"," '3.4', '","0.43', ","'0.0231', ","'0', ",'0'
"'9536', ","'18.83',"," '2026-05-09  01:43:00',"," '2.24', ","'0.16',"," '0.0151',"," '0',", '0'
"'9537', ","'18.84',"," '2026-05-09  01:43:15',"," '0', '0.","15', '0",".016', '0'",", '0'",
"'9538', ","'18.83',"," '2026-05-09  01:43:30',"," '3.58', ","'0.48',"," '0.0237',"," '0',", '0'
"'9539', ","'18.91',"," '2026-05-09  01:43:45',"," '2.13', ","'0.98',"," '0.0131',"," '0',", '0'
"'9540', ","'18.37',"," '2026-05-09  01:44:00',"," '3.61', ","'0.63',"," '0.0194',"," '0',", '0'
"'9541', ","'18.73',"," '2026-05-09  01:44:15',"," '4.4', '","1.12', ","'0.0083', ","'0', ",'0'
"'9542', ","'18.51',"," '2026-05-09  01:44:30',"," '2.56', ","'0.29',"," '0.0172',"," '0',", '0'
"'9543', ","'18.57',"," '2026-05-09  01:44:45',"," '8.09', ","'0.05',"," '0.0341',"," '0',", '1'
"'9544', ","'18.42',"," '2026-05-09  01:45:00',"," '7.39', ","'0.51',"," '0.015', ","'0', ",'1'
"'9545', ","'18.42',"," '2026-05-09  01:45:15',"," '2.87', ","'0.57',"," '0.0086',"," '0',", '0'
"'9546', ","'18.83',"," '2026-05-09  01:45:30',"," '8.59', ","'0.29',"," '0.0294',"," '0',", '0'
"'9547', ","'18.58',"," '2026-05-09  01:45:45',"," '7.8', '","1.26', ","'0.0154', ","'0', ",'0'
"'9548', ","'18.84',"," '2026-05-09  01:46:00',"," '0.45', ","'1.08',"," '0.0264',"," '0',", '0'
"'9549', ","'18.77',"," '2026-05-09  01:46:15',"," '3.34', ","'1.13',"," '0.012', ","'0', ",'0'
"'9550', ","'18.62',"," '2026-05-09  01:46:30',"," '3.74', ","'1.05',"," '0.0248',"," '0',", '0'
"'9551', ","'18.74',"," '2026-05-09  01:46:45',"," '1.97', ","'0.97',"," '0.0119',"," '0',", '0'
"'9552', ","'18.76',"," '2026-05-09  01:47:00',"," '9', '1.","18', '0",".0228', '0","', '0",'
"'9553', ","'18.53',"," '2026-05-09  01:47:15',"," '4.55', ","'0.83',"," '0.0233',"," '0',", '0'
"'9554', ","'18.52',"," '2026-05-09  01:47:30',"," '6.87', ","'0.91',"," '0.0151',"," '0',", '0'
"'9555', ","'18.81',"," '2026-05-09  01:47:45',"," '0', '0.","66', '0",".0138', '0","', '0",'
"'9556', ","'18.54',"," '2026-05-09  01:48:00',"," '7.13', ","'0.12',"," '0.024', ","'0', ",'0'
"'9557', ","'18.77',"," '2026-05-09  01:48:15',"," '0', '1.","29', '0",".0228', '0","', '0",'
"'9558', ","'18.62',"," '2026-05-09  01:48:30',"," '2.59', ","'0.7', ","'0.0115', ","'0', ",'0'
"'9559', ","'18.43',"," '2026-05-09  01:48:45',"," '7.5', '","0.99', ","'0.0176', ","'0', ",'0'
"'9560', ","'18.41',"," '2026-05-09  01:49:00',"," '2.29', ","'0.87',"," '0.0156',"," '0',", '0'
"'9561', ","'18.74',"," '2026-05-09  01:49:15',"," '4.3', '","0.2', '","0.029', '0","', '0",'
"'9562', ","'18.42',"," '2026-05-09  01:49:30',"," '3.89', ","'0.35',"," '0.0293',"," '0',", '0'
"'9563', ","'18.59',"," '2026-05-09  01:49:45',"," '5.04', ","'0.96',"," '0.0273',"," '0',", '0'
"'9564', ","'18.8', ","'2026-05-09  01:50:00', ","'3.4', '1",".1', '0",".0122', '0","', '0",'
"'9565', ","'18.66',"," '2026-05-09  01:50:15',"," '8.83', ","'0.59',"," '0.0285',"," '0',", '0'
"'9566', ","'18.66',"," '2026-05-09  01:50:30',"," '0.95', ","'0.95',"," '0.0211',"," '0',", '0'
"'9567', ","'18.65',"," '2026-05-09  01:50:45',"," '6.11', ","'0.68',"," '0.0297',"," '0',", '0'
"'9568', ","'18.52',"," '2026-05-09  01:51:00',"," '1.88', ","'0.67',"," '0.0129',"," '0',", '0'
"'9569', ","'18.84',"," '2026-05-09  01:51:15',"," '0.37', ","'1.12',"," '0.018', ","'0', ",'0'
"'9570', ","'18.76',"," '2026-05-09  01:51:30',"," '6.16', ","'0.38',"," '0.0098',"," '0',", '0'
"'9571', ","'18.59',"," '2026-05-09  01:51:45',"," '7.54', ","'1.03',"," '0.0312',"," '0',", '0'
"'9572', ","'18.65',"," '2026-05-09  01:52:00',"," '7.73', ","'0.04',"," '0.0124',"," '0',", '0'
"'9573', ","'18.55',"," '2026-05-09  01:52:15',"," '7.26', ","'0.24',"," '0.0268',"," '0',", '0'
"'9574', ","'18.55',"," '2026-05-09  01:52:30',"," '1.04', ","'0.82',"," '0.0264',"," '0',", '0'
"'9575', ","'18.84',"," '2026-05-09  01:52:45',"," '0', '0.","75', '0",".0306', '0","', '0",'
"'9576', ","'18.53',"," '2026-05-09  01:53:00',"," '1.43', ","'0.11',"," '0.032', ","'0', ",'0'
"'9577', ","'18.51',"," '2026-05-09  01:53:15',"," '2.02', ","'0.44',"," '0.0343',"," '0',", '0'
"'9578', ","'18.7', ","'2026-05-09  01:53:30', ","'0.46', '","1.07', ","'0.0263', ","'0', ",'0'
"'9579', ","'18.48',"," '2026-05-09  01:53:45',"," '0.3', '","0.89', ","'0.0182', ","'0', ",'0'
"'9580', ","'18.55',"," '2026-05-09  01:54:00',"," '5.54', ","'0.85',"," '0.0172',"," '0',", '0'
"'9581', ","'18.79',"," '2026-05-09  01:54:15',"," '5.8', '","0.07', ","'0.0242', ","'0', ",'0'
"'9582', ","'18.34',"," '2026-05-09  01:54:30',"," '5.94', ","'0.57',"," '0.0228',"," '0',", '0'
"'9583', ","'18.54',"," '2026-05-09  01:54:45',"," '4.13', ","'1.07',"," '0.0308',"," '0',", '0'
"'9584', ","'18.44',"," '2026-05-09  01:55:00',"," '2.1', '","0.91', ","'0.0282', ","'0', ",'0'
"'9585', ","'18.67',"," '2026-05-09  01:55:15',"," '1.2', '","0.19', ","'0.0217', ","'0', ",'0'
"'9586', ","'18.77',"," '2026-05-09  01:55:30',"," '7.36', ","'0.15',"," '0.0253',"," '0',", '0'
"'9587', ","'18.78',"," '2026-05-09  01:55:45',"," '3.72', ","'0.65',"," '0.0247',"," '0',", '0'
"'9588', ","'18.35',"," '2026-05-09  01:56:00',"," '8.65', ","'1', '0",".0121', '0","', '0",'
"'9589', ","'18.58',"," '2026-05-09  01:56:15',"," '2.67', ","'0.35',"," '0.0348',"," '0',", '0'
"'9590', ","'18.37',"," '2026-05-09  01:56:30',"," '3.59', ","'0.29',"," '0.0238',"," '0',", '0'
"'9591', ","'18.6', ","'2026-05-09  01:56:45', ","'3.31', '","0.89', ","'0.0227', ","'0', ",'0'
"'9592', ","'18.32',"," '2026-05-09  01:57:00',"," '8.73', ","'0.95',"," '0.0152',"," '0',", '0'
"'9593', ","'18.82',"," '2026-05-09  01:57:15',"," '2.16', ","'0.84',"," '0.0244',"," '0',", '0'
"'9594', ","'18.53',"," '2026-05-09  01:57:30',"," '2.19', ","'0.22',"," '0.0086',"," '0',", '0'
"'9595', ","'18.41',"," '2026-05-09  01:57:45',"," '0', '0.","25', '0",".0177', '0","', '0",'
"'9596', ","'18.26',"," '2026-05-09  01:58:00',"," '8.21', ","'0.25',"," '0.0177',"," '0',", '0'
"'9597', ","'18.62',"," '2026-05-09  01:58:15',"," '2.27', ","'0.89',"," '0.0133',"," '0',", '0'
"'9598', ","'18.61',"," '2026-05-09  01:58:30',"," '2.1', '","0.54', ","'0.0192', ","'0', ",'0'
"'9599', ","'18.79',"," '2026-05-09  01:58:45',"," '7.93', ","'0.5', ","'0.0131', ","'0', ",'0'
"'9600', ","'18.36',"," '2026-05-09  01:59:00',"," '8', '0.","92', '0",".0326', '0","', '0",'
"'9601', ","'18.67',"," '2026-05-09  01:59:15',"," '8.94', ","'1.26',"," '0.019', ","'0', ",'0'
"'9602', ","'18.61',"," '2026-05-09  01:59:30',"," '8.3', '","0.41', ","'0.0327', ","'0', ",'0'
"'9603', ","'18.52',"," '2026-05-09  01:59:45',"," '1.26', ","'0.9', ","'0.0257', ","'0', ",'0'
"'9604', ","'18.49',"," '2026-05-09  02:00:00',"," '4.04', ","'0.47',"," '0.0139',"," '0',", '0'
"'9605', ","'18.62',"," '2026-05-09  02:00:15',"," '6.47', ","'0.5', ","'0.0215', ","'0', ",'0'
"'9606', ","'18.46',"," '2026-05-09  02:00:30',"," '5.46', ","'0.32',"," '0.0118',"," '0',", '0'
"'9607', ","'18.68',"," '2026-05-09  02:00:45',"," '7.67', ","'0.43',"," '0.0093',"," '0',", '0'
"'9608', ","'18.31',"," '2026-05-09  02:01:00',"," '5.06', ","'1.25',"," '0.015', ","'0', ",'0'
"'9609', ","'18.26',"," '2026-05-09  02:01:15',"," '6.62', ","'0.28',"," '0.0344',"," '0',", '0'
"'9610', ","'18.3', ","'2026-05-09  02:01:30', ","'0.34', '","0.53', ","'0.0182', ","'0', ",'0'
"'9611', ","'18.8', ","'2026-05-09  02:01:45', ","'4.51', '","0.83', ","'0.0179', ","'0', ",'0'
"'9612', ","'18.61',"," '2026-05-09  02:02:00',"," '0', '1.","18', '0",".0323', '0","', '0",'
"'9613', ","'18.26',"," '2026-05-09  02:02:15',"," '5.04', ","'0.73',"," '0.0248',"," '0',", '0'
"'9614', ","'18.66',"," '2026-05-09  02:02:30',"," '7.19', ","'0.97',"," '0.0084',"," '0',", '0'
"'9615', ","'18.54',"," '2026-05-09  02:02:45',"," '0', '0.","59', '0",".0144', '0","', '0",'
"'9616', ","'18.45',"," '2026-05-09  02:03:00',"," '0', '0.","6', '0.","0258', '0'",", '0'",
"'9617', ","'18.38',"," '2026-05-09  02:03:15',"," '2.06', ","'0.02',"," '0.014', ","'0', ",'0'
"'9618', ","'18.5', ","'2026-05-09  02:03:30', ","'0', '1.2","7', '0.","0232', '0'",", '0'",
"'9619', ","'18.63',"," '2026-05-09  02:03:45',"," '6.82', ","'0.58',"," '0.0108',"," '0',", '0'
"'9620', ","'18.64',"," '2026-05-09  02:04:00',"," '1.25', ","'0.27',"," '0.0341',"," '0',", '0'
"'9621', ","'18.43',"," '2026-05-09  02:04:15',"," '8.82', ","'0.62',"," '0.0182',"," '0',", '0'
"'9622', ","'18.41',"," '2026-05-09  02:04:30',"," '7.23', ","'0.26',"," '0.017', ","'0', ",'0'
"'9623', ","'18.29',"," '2026-05-09  02:04:45',"," '1.53', ","'0.83',"," '0.0248',"," '0',", '0'
"'9624', ","'18.44',"," '2026-05-09  02:05:00',"," '1.41', ","'0.36',"," '0.0257',"," '0',", '0'
"'9625', ","'18.54',"," '2026-05-09  02:05:15',"," '8.31', ","'0.92',"," '0.0345',"," '0',", '0'
"'9626', ","'18.75',"," '2026-05-09  02:05:30',"," '2.94', ","'1.12',"," '0.0165',"," '0',", '0'
"'9627', ","'18.64',"," '2026-05-09  02:05:45',"," '0', '1.","25', '0",".0267', '0","', '0",'
"'9628', ","'18.75',"," '2026-05-09  02:06:00',"," '5.73', ","'0.29',"," '0.0263',"," '0',", '0'
"'9629', ","'18.81',"," '2026-05-09  02:06:15',"," '5.23', ","'1.02',"," '0.0333',"," '0',", '0'
"'9630', ","'18.5', ","'2026-05-09  02:06:30', ","'8.06', '","0.42', ","'0.0208', ","'0', ",'0'
"'9631', ","'18.28',"," '2026-05-09  02:06:45',"," '3.76', ","'0.54',"," '0.0163',"," '0',", '0'
"'9632', ","'18.73',"," '2026-05-09  02:07:00',"," '6.51', ","'0.08',"," '0.0329',"," '0',", '0'
"'9633', ","'18.83',"," '2026-05-09  02:07:15',"," '5.23', ","'0.57',"," '0.0308',"," '0',", '0'
"'9634', ","'18.44',"," '2026-05-09  02:07:30',"," '2.07', ","'0.36',"," '0.0086',"," '0',", '0'
"'9635', ","'18.82',"," '2026-05-09  02:07:45',"," '4.53', ","'0.2', ","'0.0331', ","'0', ",'0'
"'9636', ","'18.71',"," '2026-05-09  02:08:00',"," '3.08', ","'0.32',"," '0.0328',"," '0',", '0'
"'9637', ","'18.63',"," '2026-05-09  02:08:15',"," '4.55', ","'0.57',"," '0.0247',"," '0',", '0'
"'9638', ","'18.33',"," '2026-05-09  02:08:30',"," '4.37', ","'1.23',"," '0.0315',"," '0',", '0'
"'9639', ","'18.52',"," '2026-05-09  02:08:45',"," '7.18', ","'0.78',"," '0.0235',"," '0',", '0'
"'9640', ","'18.49',"," '2026-05-09  02:09:00',"," '8.66', ","'1.25',"," '0.0149',"," '0',", '0'
"'9641', ","'18.48',"," '2026-05-09  02:09:15',"," '5.87', ","'0.37',"," '0.0272',"," '0',", '0'
"'9642', ","'18.64',"," '2026-05-09  02:09:30',"," '1.15', ","'0.01',"," '0.0295',"," '0',", '0'
"'9643', ","'18.37',"," '2026-05-09  02:09:45',"," '3.08', ","'0.53',"," '0.0306',"," '0',", '0'
